account_number,owner_id,bank_name,account_type,open_date,balance_inr
1001001000,PER00001,SBI,Savings,2016-06-23,87655
1001001001,PER00001,HDFC Bank,Savings,2015-08-19,54987
1001001002,PER00002,ICICI Bank,Savings,2019-12-03,0
1001001003,PER00002,SBI,Savings,2024-05-31,0
1001001004,PER00003,SBI,Savings,2019-03-25,392206
1001001005,PER00003,SBI,Savings,2020-09-06,306287
1001001006,PER00004,SBI,Savings,2025-02-26,21477
1001001007,PER00005,Axis Bank,Savings,2016-04-14,40762
1001001008,PER00005,SBI,Savings,2016-01-29,186028
1001001009,PER00006,Axis Bank,Savings,2019-06-14,42476
1001001010,PER00007,ICICI Bank,Savings,2025-06-04,0
1001001011,PER00008,Kotak Mahindra Bank,Savings,2011-02-26,0
1001001012,PER00008,Kotak Mahindra Bank,Savings,2015-02-26,0
1001001013,PER00009,HDFC Bank,Savings,2017-08-15,253187
1001001014,PER00009,HDFC Bank,Savings,2018-08-31,155458
1001001015,PER00010,HDFC Bank,Savings,2011-11-22,204339
1001001016,PER00010,SBI,Savings,2021-10-26,247606
1001001017,PER00011,HDFC Bank,Savings,2020-11-18,229366
1001001018,PER00011,SBI,Savings,2014-10-15,210655
1001001019,PER00012,HDFC Bank,Savings,2020-07-08,212282
1001001020,PER00013,Kotak Mahindra Bank,Savings,2023-04-12,189596
1001001021,PER00014,SBI,Savings,2011-03-29,333959
1001001022,PER00015,SBI,Savings,2026-01-01,198911
1001001023,PER00016,HDFC Bank,Savings,2022-07-13,0
1001001024,PER00017,HDFC Bank,Savings,2017-01-28,40824
1001001025,PER00017,HDFC Bank,Savings,2024-02-28,65048
1001001026,PER00018,SBI,Savings,2020-04-06,146616
1001001027,PER00018,SBI,Savings,2018-01-10,246874
1001001028,PER00019,ICICI Bank,Savings,2017-04-26,30635
1001001029,PER00019,Kotak Mahindra Bank,Savings,2023-12-24,73270
1001001030,PER00020,HDFC Bank,Savings,2012-03-07,39725
1001001031,PER00021,Kotak Mahindra Bank,Savings,2025-05-16,153527
1001001032,PER00021,Kotak Mahindra Bank,Savings,2016-03-07,69817
1001001033,PER00022,HDFC Bank,Savings,2017-02-13,118628
1001001034,PER00023,HDFC Bank,Savings,2012-02-16,53816
1001001035,PER00023,SBI,Savings,2024-10-10,173944
1001001036,PER00024,Kotak Mahindra Bank,Savings,2025-08-24,155481
1001001037,PER00024,SBI,Savings,2011-11-27,101099
1001001038,PER00025,Axis Bank,Savings,2020-09-28,179169
1001001039,PER00026,ICICI Bank,Savings,2012-10-24,480767
1001001040,PER00027,Kotak Mahindra Bank,Savings,2021-07-17,140040
1001001041,PER00027,HDFC Bank,Savings,2015-09-16,100739
1001001042,PER00028,Kotak Mahindra Bank,Savings,2021-07-26,51533
1001001043,PER00028,HDFC Bank,Savings,2013-12-02,163624
1001001044,PER00029,Axis Bank,Savings,2013-09-28,186878
1001001045,PER00029,Kotak Mahindra Bank,Savings,2025-02-20,726040
1001001046,PER00030,SBI,Savings,2019-06-03,46078
1001001047,PER00030,HDFC Bank,Savings,2013-03-24,184419
1001001048,PER00031,HDFC Bank,Savings,2014-06-08,182129
1001001049,PER00032,Axis Bank,Savings,2016-07-01,218903
1001001050,PER00033,Axis Bank,Savings,2022-09-26,291221
1001001051,PER00033,HDFC Bank,Savings,2016-08-11,294473
1001001052,PER00034,Kotak Mahindra Bank,Savings,2012-12-11,129506
1001001053,PER00034,HDFC Bank,Savings,2023-01-29,597898
1001001054,PER00035,ICICI Bank,Savings,2011-04-30,161572
1001001055,PER00035,Axis Bank,Savings,2020-09-29,177184
1001001056,PER00036,HDFC Bank,Savings,2015-09-21,163146
1001001057,PER00037,Axis Bank,Savings,2017-01-28,0
1001001058,PER00037,ICICI Bank,Savings,2022-02-06,0
1001001059,PER00038,HDFC Bank,Savings,2023-06-20,262886
1001001060,PER00039,HDFC Bank,Savings,2015-01-05,159662
1001001061,PER00040,Axis Bank,Savings,2015-06-18,53680
1001001062,PER00041,SBI,Savings,2019-10-27,162885
1001001063,PER00042,ICICI Bank,Savings,2024-08-01,127607
1001001064,PER00043,Kotak Mahindra Bank,Savings,2024-10-14,29784
1001001065,PER00044,SBI,Savings,2015-09-09,183902
1001001066,PER00045,Axis Bank,Savings,2017-06-07,47851
1001001067,PER00045,Axis Bank,Savings,2011-02-19,43953
1001001068,PER00046,SBI,Savings,2024-05-25,234803
1001001069,PER00046,HDFC Bank,Savings,2020-03-03,191917
1001001070,PER00047,Axis Bank,Savings,2016-01-05,244894
1001001071,PER00047,SBI,Savings,2011-08-30,49047
1001001072,PER00048,HDFC Bank,Savings,2023-03-11,22312
1001001073,PER00048,Kotak Mahindra Bank,Savings,2019-02-09,39543
1001001074,PER00049,Axis Bank,Savings,2019-11-12,48907
1001001075,PER00050,SBI,Savings,2021-01-11,185470
1001001076,PER00051,Axis Bank,Savings,2013-11-08,193837
1001001077,PER00052,Axis Bank,Savings,2014-02-21,234822
1001001078,PER00052,Axis Bank,Savings,2020-08-16,193046
1001001079,PER00053,SBI,Savings,2023-11-24,79716
1001001080,PER00053,Axis Bank,Savings,2016-11-03,172706
1001001081,PER00054,Axis Bank,Savings,2012-04-15,753150
1001001082,PER00055,ICICI Bank,Savings,2011-02-27,49285
1001001083,PER00056,HDFC Bank,Savings,2025-08-25,308027
1001001084,PER00057,Axis Bank,Savings,2013-12-27,22852
1001001085,PER00058,SBI,Savings,2011-12-31,80581
1001001086,PER00059,Kotak Mahindra Bank,Savings,2020-04-22,86072
1001001087,PER00059,ICICI Bank,Savings,2018-10-21,43452
1001001088,PER00060,ICICI Bank,Savings,2016-12-08,418137
1001001089,PER00060,Axis Bank,Savings,2024-03-20,109486
1001001090,PER00061,SBI,Savings,2022-07-14,21883
1001001091,PER00062,ICICI Bank,Savings,2025-10-15,189584
1001001092,PER00063,HDFC Bank,Savings,2013-02-20,148662
1001001093,PER00064,Kotak Mahindra Bank,Savings,2012-10-21,118883
1001001094,PER00064,Axis Bank,Savings,2014-05-22,61508
1001001095,PER00065,Kotak Mahindra Bank,Savings,2017-05-10,71106
1001001096,PER00066,HDFC Bank,Savings,2012-02-17,239746
1001001097,PER00067,Kotak Mahindra Bank,Savings,2018-11-07,381440
1001001098,PER00068,Kotak Mahindra Bank,Savings,2016-08-28,187569
1001001099,PER00069,ICICI Bank,Savings,2025-04-05,76645
1001001100,PER00069,Kotak Mahindra Bank,Savings,2022-04-13,240018
1001001101,PER00070,Axis Bank,Savings,2018-04-29,62911
1001001102,PER00070,SBI,Savings,2024-10-11,89049
1001001103,PER00071,ICICI Bank,Savings,2024-05-10,260974
1001001104,PER00072,ICICI Bank,Savings,2023-04-25,126922
1001001105,PER00073,SBI,Savings,2020-06-25,23136
1001001106,PER00074,Axis Bank,Savings,2011-02-13,58699
1001001107,PER00075,Axis Bank,Savings,2023-07-05,52511
1001001108,PER00075,SBI,Savings,2017-03-07,108761
1001001109,PER00076,ICICI Bank,Savings,2011-04-20,229981
1001001110,PER00077,ICICI Bank,Savings,2014-08-16,168512
1001001111,PER00078,SBI,Savings,2014-11-13,190118
1001001112,PER00078,HDFC Bank,Savings,2018-01-29,53394
1001001113,PER00079,HDFC Bank,Savings,2015-10-29,148418
1001001114,PER00079,Axis Bank,Savings,2024-01-12,163281
1001001115,PER00080,Axis Bank,Savings,2025-07-21,113260
1001001116,PER00081,SBI,Savings,2017-07-03,126831
1001001117,PER00082,SBI,Savings,2016-03-18,128512
1001001118,PER00082,Axis Bank,Savings,2013-03-25,145074
1001001119,PER00083,Axis Bank,Savings,2023-02-04,0
1001001120,PER00083,HDFC Bank,Savings,2019-09-05,0
1001001121,PER00084,SBI,Savings,2022-06-18,152761
1001001122,PER00084,SBI,Savings,2011-10-29,173663
1001001123,PER00085,Axis Bank,Savings,2024-07-24,197967
1001001124,PER00085,HDFC Bank,Savings,2018-06-19,203096
1001001125,PER00086,SBI,Savings,2019-07-28,287679
1001001126,PER00087,Kotak Mahindra Bank,Savings,2023-11-30,328910
1001001127,PER00087,SBI,Savings,2012-05-05,557608
1001001128,PER00088,HDFC Bank,Savings,2023-02-28,198102
1001001129,PER00088,Kotak Mahindra Bank,Savings,2014-07-27,161892
1001001130,PER00089,SBI,Savings,2013-05-03,173287
1001001131,PER00090,SBI,Savings,2018-04-11,47844
1001001132,PER00091,Axis Bank,Savings,2020-10-04,84586
1001001133,PER00091,Axis Bank,Savings,2013-06-11,332306
1001001134,PER00092,Kotak Mahindra Bank,Savings,2022-12-07,343869
1001001135,PER00093,SBI,Savings,2020-04-23,223997
1001001136,PER00094,SBI,Savings,2013-11-20,88629
1001001137,PER00094,Kotak Mahindra Bank,Savings,2014-10-28,137541
1001001138,PER00095,SBI,Savings,2022-06-29,153776
1001001139,PER00096,SBI,Savings,2012-01-03,0
1001001140,PER00096,Kotak Mahindra Bank,Savings,2019-12-20,0
1001001141,PER00097,Kotak Mahindra Bank,Savings,2014-05-14,116452
1001001142,PER00097,Axis Bank,Savings,2020-06-28,458338
1001001143,PER00098,HDFC Bank,Savings,2021-02-12,188451
1001001144,PER00098,ICICI Bank,Savings,2018-11-25,52210
1001001145,PER00099,ICICI Bank,Savings,2012-09-10,151752
1001001146,PER00100,ICICI Bank,Savings,2017-09-20,651211
1001001147,PER00101,Kotak Mahindra Bank,Savings,2021-08-28,208144
1001001148,PER00101,SBI,Savings,2025-11-29,148120
1001001149,PER00102,SBI,Savings,2017-01-02,66018
1001001150,PER00102,Axis Bank,Savings,2011-07-16,63850
1001001151,PER00103,Kotak Mahindra Bank,Savings,2016-05-01,31902
1001001152,PER00103,HDFC Bank,Savings,2017-02-26,55245
1001001153,PER00104,SBI,Savings,2013-07-29,555764
1001001154,PER00104,Axis Bank,Savings,2023-08-02,510775
1001001155,PER00105,SBI,Savings,2019-07-19,554343
1001001156,PER00106,SBI,Savings,2014-03-01,210086
1001001157,PER00107,SBI,Savings,2021-10-14,123236
1001001158,PER00108,Axis Bank,Savings,2022-12-23,877504
1001001159,PER00109,Kotak Mahindra Bank,Savings,2021-02-11,171576
1001001160,PER00109,Kotak Mahindra Bank,Savings,2011-12-23,216571
1001001161,PER00110,Axis Bank,Savings,2020-12-24,297262
1001001162,PER00111,Kotak Mahindra Bank,Savings,2020-02-17,266266
1001001163,PER00111,HDFC Bank,Savings,2016-07-03,170999
1001001164,PER00112,HDFC Bank,Savings,2018-08-22,29464
1001001165,PER00112,Kotak Mahindra Bank,Savings,2018-02-21,244246
1001001166,PER00113,ICICI Bank,Savings,2022-10-06,197440
1001001167,PER00113,Axis Bank,Savings,2020-12-31,114235
1001001168,PER00114,Axis Bank,Savings,2017-08-10,29492
1001001169,PER00115,ICICI Bank,Savings,2019-11-15,277924
1001001170,PER00116,HDFC Bank,Savings,2017-01-22,126411
1001001171,PER00117,SBI,Savings,2016-11-25,198698
1001001172,PER00117,SBI,Savings,2011-05-28,47032
1001001173,PER00118,HDFC Bank,Savings,2016-06-23,56161
1001001174,PER00118,SBI,Savings,2011-08-18,229587
1001001175,PER00119,Kotak Mahindra Bank,Savings,2014-08-23,239465
1001001176,PER00120,Axis Bank,Savings,2015-02-17,42402
1001001177,PER00120,Axis Bank,Savings,2019-01-13,123291
1001001178,PER00121,HDFC Bank,Savings,2016-04-07,100473
1001001179,PER00121,SBI,Savings,2020-11-12,59166
1001001180,PER00122,Kotak Mahindra Bank,Savings,2013-10-10,148591
1001001181,PER00123,Kotak Mahindra Bank,Savings,2017-02-15,569362
1001001182,PER00124,SBI,Savings,2016-04-26,290838
1001001183,PER00124,SBI,Savings,2026-01-18,88282
1001001184,PER00125,ICICI Bank,Savings,2013-07-07,735631
1001001185,PER00125,ICICI Bank,Savings,2020-07-28,245907
1001001186,PER00126,HDFC Bank,Savings,2013-06-29,383330
1001001187,PER00127,Axis Bank,Savings,2022-04-22,187237
1001001188,PER00127,Kotak Mahindra Bank,Savings,2015-05-26,146698
1001001189,PER00128,Axis Bank,Savings,2024-08-04,128332
1001001190,PER00128,SBI,Savings,2019-12-11,268761
1001001191,PER00129,Axis Bank,Savings,2017-09-11,66060
1001001192,PER00130,Axis Bank,Savings,2019-11-30,0
1001001193,PER00131,Kotak Mahindra Bank,Savings,2019-01-30,204129
1001001194,PER00132,Kotak Mahindra Bank,Savings,2017-08-29,144566
1001001195,PER00132,Kotak Mahindra Bank,Savings,2025-09-11,60102
1001001196,PER00133,SBI,Savings,2019-03-29,19374
1001001197,PER00133,ICICI Bank,Savings,2016-11-26,157956
1001001198,PER00134,SBI,Savings,2024-06-21,128484
1001001199,PER00135,Kotak Mahindra Bank,Savings,2014-04-02,334815
1001001200,PER00136,SBI,Savings,2022-12-24,266306
1001001201,PER00136,Axis Bank,Savings,2017-05-02,262838
1001001202,PER00137,HDFC Bank,Savings,2022-11-07,0
1001001203,PER00138,ICICI Bank,Savings,2025-11-01,153066
1001001204,PER00138,SBI,Savings,2014-01-28,134615
1001001205,PER00139,HDFC Bank,Savings,2024-06-09,356370
1001001206,PER00139,Axis Bank,Savings,2014-09-06,327793
1001001207,PER00140,Axis Bank,Savings,2022-08-19,60408
1001001208,PER00140,HDFC Bank,Savings,2018-07-31,134117
1001001209,PER00141,ICICI Bank,Savings,2016-06-14,28445
1001001210,PER00141,Kotak Mahindra Bank,Savings,2022-12-20,103592
1001001211,PER00142,Kotak Mahindra Bank,Savings,2020-11-18,111634
1001001212,PER00143,Kotak Mahindra Bank,Savings,2012-09-06,99500
1001001213,PER00144,Kotak Mahindra Bank,Savings,2022-03-04,64618
1001001214,PER00144,ICICI Bank,Savings,2011-07-25,91922
1001001215,PER00145,Axis Bank,Savings,2015-08-08,0
1001001216,PER00145,SBI,Savings,2011-06-18,0
1001001217,PER00146,HDFC Bank,Savings,2016-12-15,182387
1001001218,PER00146,Axis Bank,Savings,2017-04-14,167177
1001001219,PER00147,Kotak Mahindra Bank,Savings,2019-05-11,0
1001001220,PER00147,SBI,Savings,2019-06-08,0
1001001221,PER00148,ICICI Bank,Savings,2023-11-23,226830
1001001222,PER00148,HDFC Bank,Savings,2020-12-11,96555
1001001223,PER00149,HDFC Bank,Savings,2020-07-09,196542
1001001224,PER00149,Axis Bank,Savings,2019-06-20,146955
1001001225,PER00150,HDFC Bank,Savings,2016-06-02,384982
1001001226,PER00150,Axis Bank,Savings,2023-11-05,680129
1001001227,PER00151,ICICI Bank,Savings,2019-03-12,109967
1001001228,PER00151,HDFC Bank,Savings,2024-04-28,205447
1001001229,PER00152,Axis Bank,Savings,2016-05-03,241351
1001001230,PER00153,Axis Bank,Savings,2024-11-13,143940
1001001231,PER00154,Axis Bank,Savings,2013-06-10,146047
1001001232,PER00154,HDFC Bank,Savings,2020-05-14,106626
1001001233,PER00155,ICICI Bank,Savings,2025-10-03,0
1001001234,PER00156,Axis Bank,Savings,2015-05-06,156208
1001001235,PER00157,Axis Bank,Savings,2012-11-15,89361
1001001236,PER00158,Kotak Mahindra Bank,Savings,2017-11-11,0
1001001237,PER00159,SBI,Savings,2023-05-09,83422
1001001238,PER00159,ICICI Bank,Savings,2017-05-15,45507
1001001239,PER00160,ICICI Bank,Savings,2012-04-14,146259
1001001240,PER00161,Axis Bank,Savings,2022-04-15,78849
1001001241,PER00162,HDFC Bank,Savings,2023-11-17,91260
1001001242,PER00163,SBI,Savings,2020-07-24,163279
1001001243,PER00163,ICICI Bank,Savings,2025-12-10,67842
1001001244,PER00164,ICICI Bank,Savings,2022-02-01,143564
1001001245,PER00164,Kotak Mahindra Bank,Savings,2024-02-06,140310
1001001246,PER00165,HDFC Bank,Savings,2023-04-20,252199
1001001247,PER00166,SBI,Savings,2020-11-26,171716
1001001248,PER00167,ICICI Bank,Savings,2013-07-28,182143
1001001249,PER00168,Kotak Mahindra Bank,Savings,2025-01-06,25144
1001001250,PER00169,ICICI Bank,Savings,2014-11-21,0
1001001251,PER00169,Axis Bank,Savings,2011-07-13,0
1001001252,PER00170,Axis Bank,Savings,2025-01-14,125321
1001001253,PER00170,SBI,Savings,2015-08-30,143963
1001001254,PER00171,SBI,Savings,2013-09-22,142397
1001001255,PER00172,SBI,Savings,2020-01-10,55163
1001001256,PER00172,HDFC Bank,Savings,2013-09-28,180840
1001001257,PER00173,ICICI Bank,Savings,2022-02-20,177246
1001001258,PER00173,HDFC Bank,Savings,2020-10-09,115405
1001001259,PER00174,HDFC Bank,Savings,2020-06-24,103382
1001001260,PER00174,Axis Bank,Savings,2015-02-19,97813
1001001261,PER00175,SBI,Savings,2011-12-18,0
1001001262,PER00175,SBI,Savings,2023-06-28,0
1001001263,PER00176,Kotak Mahindra Bank,Savings,2015-04-08,0
1001001264,PER00176,ICICI Bank,Savings,2023-04-29,0
1001001265,PER00177,Axis Bank,Savings,2015-06-02,103060
1001001266,PER00177,Axis Bank,Savings,2012-08-30,125091
1001001267,PER00178,Kotak Mahindra Bank,Savings,2013-10-08,41434
1001001268,PER00178,Kotak Mahindra Bank,Savings,2013-10-25,107723
1001001269,PER00179,Axis Bank,Savings,2022-05-11,242767
1001001270,PER00179,Kotak Mahindra Bank,Savings,2013-08-16,214022
1001001271,PER00180,SBI,Savings,2025-11-08,141298
1001001272,PER00181,Kotak Mahindra Bank,Savings,2025-02-28,407252
1001001273,PER00182,HDFC Bank,Savings,2016-11-18,75017
1001001274,PER00182,Axis Bank,Savings,2015-03-15,164220
1001001275,PER00183,Axis Bank,Savings,2025-12-07,72595
1001001276,PER00183,ICICI Bank,Savings,2015-12-25,140300
1001001277,PER00184,HDFC Bank,Savings,2025-05-15,125667
1001001278,PER00184,SBI,Savings,2012-07-11,69108
1001001279,PER00185,Axis Bank,Savings,2023-08-09,158593
1001001280,PER00185,Kotak Mahindra Bank,Savings,2021-07-23,136734
1001001281,PER00186,Axis Bank,Savings,2017-10-01,347279
1001001282,PER00186,ICICI Bank,Savings,2019-12-02,277548
1001001283,PER00187,SBI,Savings,2017-11-29,162732
1001001284,PER00187,HDFC Bank,Savings,2019-03-07,70982
1001001285,PER00188,ICICI Bank,Savings,2019-08-28,428848
1001001286,PER00188,ICICI Bank,Savings,2020-12-08,276583
1001001287,PER00189,SBI,Savings,2012-12-18,142639
1001001288,PER00190,Axis Bank,Savings,2012-04-16,527066
1001001289,PER00191,ICICI Bank,Savings,2014-08-29,163515
1001001290,PER00192,HDFC Bank,Savings,2012-07-10,58934
1001001291,PER00192,HDFC Bank,Savings,2013-07-30,111422
1001001292,PER00193,HDFC Bank,Savings,2011-11-17,218063
1001001293,PER00194,Axis Bank,Savings,2017-10-03,0
1001001294,PER00195,SBI,Savings,2011-05-24,79480
1001001295,PER00195,SBI,Savings,2024-11-16,191090
1001001296,PER00196,Axis Bank,Savings,2015-06-30,57848
1001001297,PER00197,Kotak Mahindra Bank,Savings,2020-12-19,230377
1001001298,PER00198,Axis Bank,Savings,2023-07-29,860704
1001001299,PER00199,Axis Bank,Savings,2022-04-16,193653
1001001300,PER00199,SBI,Savings,2022-01-17,260270
1001001301,PER00200,HDFC Bank,Savings,2012-11-19,191521
1001001302,PER00200,Kotak Mahindra Bank,Savings,2017-07-24,178148
1001001303,PER00201,Kotak Mahindra Bank,Savings,2023-07-06,169787
1001001304,PER00201,SBI,Savings,2025-12-10,233404
1001001305,PER00202,Axis Bank,Savings,2022-05-24,241302
1001001306,PER00202,Axis Bank,Savings,2024-02-27,301577
1001001307,PER00203,ICICI Bank,Savings,2024-02-17,159379
1001001308,PER00203,Axis Bank,Savings,2014-08-22,124925
1001001309,PER00204,HDFC Bank,Savings,2021-07-22,68821
1001001310,PER00205,Kotak Mahindra Bank,Savings,2011-04-04,231740
1001001311,PER00205,Axis Bank,Savings,2014-01-13,200330
1001001312,PER00206,Kotak Mahindra Bank,Savings,2011-08-15,22338
1001001313,PER00207,ICICI Bank,Savings,2019-10-14,96865
1001001314,PER00208,Kotak Mahindra Bank,Savings,2025-07-25,64087
1001001315,PER00209,Kotak Mahindra Bank,Savings,2011-12-16,212154
1001001316,PER00209,Axis Bank,Savings,2025-11-26,188871
1001001317,PER00210,SBI,Savings,2021-02-14,50347
1001001318,PER00210,ICICI Bank,Savings,2019-06-04,63028
1001001319,PER00211,ICICI Bank,Savings,2014-05-30,0
1001001320,PER00211,Axis Bank,Savings,2012-05-22,0
1001001321,PER00212,ICICI Bank,Savings,2013-12-01,156088
1001001322,PER00213,Kotak Mahindra Bank,Savings,2019-11-27,181298
1001001323,PER00213,SBI,Savings,2023-06-04,232065
1001001324,PER00214,Axis Bank,Savings,2020-11-13,342291
1001001325,PER00214,ICICI Bank,Savings,2016-02-24,281948
1001001326,PER00215,ICICI Bank,Savings,2023-01-31,146242
1001001327,PER00215,ICICI Bank,Savings,2020-07-11,212720
1001001328,PER00216,ICICI Bank,Savings,2024-07-10,214063
1001001329,PER00217,ICICI Bank,Savings,2016-11-02,19236
1001001330,PER00217,SBI,Savings,2014-07-06,174250
1001001331,PER00218,HDFC Bank,Savings,2021-07-06,59237
1001001332,PER00219,SBI,Savings,2025-03-03,469984
1001001333,PER00219,HDFC Bank,Savings,2018-07-24,541604
1001001334,PER00220,Axis Bank,Savings,2016-01-25,95847
1001001335,PER00221,SBI,Savings,2021-11-24,100646
1001001336,PER00222,SBI,Savings,2018-08-25,107488
1001001337,PER00222,Axis Bank,Savings,2016-11-06,99582
1001001338,PER00223,Kotak Mahindra Bank,Savings,2015-11-12,276458
1001001339,PER00224,ICICI Bank,Savings,2016-05-18,213032
1001001340,PER00224,HDFC Bank,Savings,2024-01-29,202047
1001001341,PER00225,Axis Bank,Savings,2016-02-06,234300
1001001342,PER00225,ICICI Bank,Savings,2022-05-17,203572
1001001343,PER00226,Kotak Mahindra Bank,Savings,2016-04-26,69541
1001001344,PER00226,Kotak Mahindra Bank,Savings,2020-05-23,184932
1001001345,PER00227,Kotak Mahindra Bank,Savings,2022-07-24,88030
1001001346,PER00227,HDFC Bank,Savings,2014-07-19,55210
1001001347,PER00228,Axis Bank,Savings,2021-09-07,157594
1001001348,PER00228,Kotak Mahindra Bank,Savings,2016-02-26,64629
1001001349,PER00229,SBI,Savings,2019-02-05,119846
1001001350,PER00229,Axis Bank,Savings,2011-10-10,195574
1001001351,PER00230,ICICI Bank,Savings,2013-02-06,396549
1001001352,PER00230,HDFC Bank,Savings,2022-11-20,482316
1001001353,PER00231,HDFC Bank,Savings,2023-01-10,173127
1001001354,PER00232,Axis Bank,Savings,2013-01-02,35158
1001001355,PER00232,SBI,Savings,2022-07-30,137069
1001001356,PER00233,Kotak Mahindra Bank,Savings,2012-06-01,101970
1001001357,PER00233,Axis Bank,Savings,2016-11-09,187541
1001001358,PER00234,ICICI Bank,Savings,2019-01-31,129276
1001001359,PER00235,HDFC Bank,Savings,2020-07-04,86322
1001001360,PER00236,ICICI Bank,Savings,2020-11-17,55172
1001001361,PER00237,SBI,Savings,2015-02-26,208790
1001001362,PER00238,Kotak Mahindra Bank,Savings,2012-02-12,152570
1001001363,PER00238,HDFC Bank,Savings,2013-02-11,72223
1001001364,PER00239,Axis Bank,Savings,2022-03-31,252036
1001001365,PER00240,Axis Bank,Savings,2012-08-25,140317
1001001366,PER00240,Kotak Mahindra Bank,Savings,2014-03-19,103936
1001001367,PER00241,SBI,Savings,2025-07-09,201044
1001001368,PER00241,Kotak Mahindra Bank,Savings,2019-05-18,62346
1001001369,PER00242,SBI,Savings,2024-02-06,292094
1001001370,PER00242,SBI,Savings,2017-01-21,906724
1001001371,PER00243,ICICI Bank,Savings,2022-07-25,179611
1001001372,PER00244,Axis Bank,Savings,2018-10-29,45235
1001001373,PER00245,Axis Bank,Savings,2024-09-25,61203
1001001374,PER00246,Kotak Mahindra Bank,Savings,2025-04-08,184960
1001001375,PER00247,Axis Bank,Savings,2011-12-07,249257
1001001376,PER00248,Kotak Mahindra Bank,Savings,2023-06-24,135707
1001001377,PER00248,HDFC Bank,Savings,2021-01-30,155742
1001001378,PER00249,ICICI Bank,Savings,2013-07-13,179050
1001001379,PER00249,ICICI Bank,Savings,2022-12-22,233558
1001001380,PER00250,Axis Bank,Savings,2011-10-08,199924
1001001381,PER00251,Kotak Mahindra Bank,Savings,2016-08-14,104366
1001001382,PER00251,HDFC Bank,Savings,2018-01-09,196055
1001001383,PER00252,Kotak Mahindra Bank,Savings,2017-01-17,122578
1001001384,PER00253,Axis Bank,Savings,2022-11-28,169690
1001001385,PER00254,Axis Bank,Savings,2016-12-17,49975
1001001386,PER00255,Kotak Mahindra Bank,Savings,2016-12-24,385893
1001001387,PER00256,SBI,Savings,2016-08-30,217648
1001001388,PER00257,Axis Bank,Savings,2013-06-11,370271
1001001389,PER00257,SBI,Savings,2020-02-24,128187
1001001390,PER00258,HDFC Bank,Savings,2020-11-12,170362
1001001391,PER00258,ICICI Bank,Savings,2018-10-05,76641
1001001392,PER00259,HDFC Bank,Savings,2018-06-10,267863
1001001393,PER00259,Kotak Mahindra Bank,Savings,2014-04-15,206554
1001001394,PER00260,SBI,Savings,2025-12-04,125554
1001001395,PER00261,HDFC Bank,Savings,2016-09-27,190170
1001001396,PER00262,SBI,Savings,2015-02-15,47532
1001001397,PER00262,SBI,Savings,2014-08-07,119546
1001001398,PER00263,Kotak Mahindra Bank,Savings,2023-03-16,234718
1001001399,PER00263,ICICI Bank,Savings,2011-12-05,64525
1001001400,PER00264,ICICI Bank,Savings,2025-09-18,200472
1001001401,PER00264,HDFC Bank,Savings,2025-07-14,174168
1001001402,PER00265,SBI,Savings,2022-11-08,25808
1001001403,PER00265,SBI,Savings,2020-09-06,45341
1001001404,PER00266,Axis Bank,Savings,2011-03-26,110827
1001001405,PER00266,Axis Bank,Savings,2020-12-24,90851
1001001406,PER00267,ICICI Bank,Savings,2017-03-09,72602
1001001407,PER00267,ICICI Bank,Savings,2011-06-17,218366
1001001408,PER00268,SBI,Savings,2018-01-06,503286
1001001409,PER00268,HDFC Bank,Savings,2022-03-03,428455
1001001410,PER00269,Axis Bank,Savings,2023-11-17,220121
1001001411,PER00269,SBI,Savings,2025-06-19,298246
1001001412,PER00270,HDFC Bank,Savings,2024-03-21,209672
1001001413,PER00270,Axis Bank,Savings,2021-06-20,245385
1001001414,PER00271,HDFC Bank,Savings,2015-11-19,44833
1001001415,PER00272,Kotak Mahindra Bank,Savings,2018-12-13,119167
1001001416,PER00273,Kotak Mahindra Bank,Savings,2025-11-17,593150
1001001417,PER00274,SBI,Savings,2024-06-29,34955
1001001418,PER00275,Axis Bank,Savings,2021-04-27,188116
1001001419,PER00276,SBI,Savings,2014-05-03,80282
1001001420,PER00276,SBI,Savings,2021-04-25,129338
1001001421,PER00277,Axis Bank,Savings,2012-08-27,222020
1001001422,PER00277,Kotak Mahindra Bank,Savings,2018-12-18,234915
1001001423,PER00278,Kotak Mahindra Bank,Savings,2017-06-26,226759
1001001424,PER00278,SBI,Savings,2023-09-15,208661
1001001425,PER00279,ICICI Bank,Savings,2015-12-07,41537
1001001426,PER00279,Kotak Mahindra Bank,Savings,2023-12-15,141769
1001001427,PER00280,Kotak Mahindra Bank,Savings,2015-02-15,79086
1001001428,PER00281,SBI,Savings,2011-12-07,176525
1001001429,PER00281,ICICI Bank,Savings,2019-10-26,90920
1001001430,PER00282,SBI,Savings,2025-03-18,25668
1001001431,PER00282,Kotak Mahindra Bank,Savings,2016-06-03,94736
1001001432,PER00283,SBI,Savings,2012-02-10,261885
1001001433,PER00284,Kotak Mahindra Bank,Savings,2016-07-23,66763
1001001434,PER00284,ICICI Bank,Savings,2013-01-13,50434
1001001435,PER00285,HDFC Bank,Savings,2013-12-02,94596
1001001436,PER00286,ICICI Bank,Savings,2018-04-24,66934
1001001437,PER00287,ICICI Bank,Savings,2017-12-12,338485
1001001438,PER00288,HDFC Bank,Savings,2016-01-24,239505
1001001439,PER00288,SBI,Savings,2011-07-25,132284
1001001440,PER00289,HDFC Bank,Savings,2014-01-10,213768
1001001441,PER00289,HDFC Bank,Savings,2016-06-19,173415
1001001442,PER00290,ICICI Bank,Savings,2016-12-17,238115
1001001443,PER00291,Axis Bank,Savings,2011-07-04,102694
1001001444,PER00292,SBI,Savings,2017-02-11,72695
1001001445,PER00292,HDFC Bank,Savings,2013-06-02,63804
1001001446,PER00293,Kotak Mahindra Bank,Savings,2021-10-23,101705
1001001447,PER00294,Kotak Mahindra Bank,Savings,2024-03-12,109064
1001001448,PER00295,SBI,Savings,2012-06-16,89621
1001001449,PER00295,ICICI Bank,Savings,2016-04-26,203993
1001001450,PER00296,Axis Bank,Savings,2016-12-29,112442
1001001451,PER00296,ICICI Bank,Savings,2013-07-23,95841
1001001452,PER00297,Axis Bank,Savings,2018-10-01,183826
1001001453,PER00298,HDFC Bank,Savings,2017-09-02,129377
1001001454,PER00298,Kotak Mahindra Bank,Savings,2019-07-21,148418
1001001455,PER00299,Axis Bank,Savings,2018-09-15,290379
1001001456,PER00300,HDFC Bank,Savings,2017-04-21,59635
1001001457,PER00301,Kotak Mahindra Bank,Savings,2016-10-21,81468
1001001458,PER00302,Kotak Mahindra Bank,Savings,2015-07-08,955974
1001001459,PER00302,Kotak Mahindra Bank,Savings,2021-12-26,846821
1001001460,PER00303,SBI,Savings,2018-08-23,361532
1001001461,PER00303,SBI,Savings,2016-02-18,347553
1001001462,PER00304,Kotak Mahindra Bank,Savings,2015-06-16,181692
1001001463,PER00305,SBI,Savings,2011-08-13,203567
1001001464,PER00306,SBI,Savings,2023-05-12,126659
1001001465,PER00306,HDFC Bank,Savings,2014-05-29,241807
1001001466,PER00307,SBI,Savings,2025-03-04,151626
1001001467,PER00307,Axis Bank,Savings,2023-12-15,157361
1001001468,PER00308,Kotak Mahindra Bank,Savings,2017-09-12,21397
1001001469,PER00308,HDFC Bank,Savings,2022-02-15,146090
1001001470,PER00309,Axis Bank,Savings,2014-01-25,75185
1001001471,PER00309,ICICI Bank,Savings,2017-11-04,106168
1001001472,PER00310,Kotak Mahindra Bank,Savings,2011-08-15,120542
1001001473,PER00310,ICICI Bank,Savings,2024-11-15,212977
1001001474,PER00311,Kotak Mahindra Bank,Savings,2018-12-30,138301
1001001475,PER00312,ICICI Bank,Savings,2023-07-10,206005
1001001476,PER00313,HDFC Bank,Savings,2023-08-07,24215
1001001477,PER00314,Kotak Mahindra Bank,Savings,2020-10-08,116008
1001001478,PER00314,Axis Bank,Savings,2016-03-27,174821
1001001479,PER00315,SBI,Savings,2014-03-09,533884
1001001480,PER00315,HDFC Bank,Savings,2011-11-11,94840
1001001481,PER00316,Kotak Mahindra Bank,Savings,2015-07-02,72860
1001001482,PER00316,Axis Bank,Savings,2022-01-05,32290
1001001483,PER00317,Kotak Mahindra Bank,Savings,2022-09-02,216671
1001001484,PER00318,SBI,Savings,2024-07-16,596565
1001001485,PER00319,HDFC Bank,Savings,2012-03-04,99470
1001001486,PER00320,SBI,Savings,2012-01-21,123025
1001001487,PER00321,Axis Bank,Savings,2017-03-16,140994
1001001488,PER00321,SBI,Savings,2024-08-28,111869
1001001489,PER00322,SBI,Savings,2022-07-13,93590
1001001490,PER00322,ICICI Bank,Savings,2022-01-09,83313
1001001491,PER00323,Axis Bank,Savings,2025-04-17,128760
1001001492,PER00323,ICICI Bank,Savings,2020-02-10,153359
1001001493,PER00324,Kotak Mahindra Bank,Savings,2023-04-17,132421
1001001494,PER00325,SBI,Savings,2020-06-02,81759
1001001495,PER00325,SBI,Savings,2017-11-01,138227
1001001496,PER00326,Kotak Mahindra Bank,Savings,2014-08-22,211921
1001001497,PER00327,SBI,Savings,2023-03-13,118676
1001001498,PER00328,HDFC Bank,Savings,2017-07-04,143152
1001001499,PER00329,ICICI Bank,Savings,2021-05-27,229664
1001001500,PER00329,SBI,Savings,2020-10-22,235632
1001001501,PER00330,Kotak Mahindra Bank,Savings,2022-03-16,175592
1001001502,PER00330,HDFC Bank,Savings,2014-08-25,357178
1001001503,PER00331,Axis Bank,Savings,2017-04-08,101410
1001001504,PER00332,ICICI Bank,Savings,2012-08-30,215910
1001001505,PER00332,SBI,Savings,2025-11-10,180066
1001001506,PER00333,HDFC Bank,Savings,2015-03-30,153991
1001001507,PER00334,HDFC Bank,Savings,2018-01-03,33415
1001001508,PER00334,Kotak Mahindra Bank,Savings,2014-11-23,235914
1001001509,PER00335,SBI,Savings,2013-01-20,38885
1001001510,PER00335,Axis Bank,Savings,2024-04-19,39335
1001001511,PER00336,SBI,Savings,2011-06-09,76350
1001001512,PER00336,SBI,Savings,2025-09-08,188451
1001001513,PER00337,ICICI Bank,Savings,2016-01-29,52925
1001001514,PER00337,ICICI Bank,Savings,2015-07-27,38784
1001001515,PER00338,SBI,Savings,2019-06-15,146334
1001001516,PER00338,Kotak Mahindra Bank,Savings,2019-10-19,163443
1001001517,PER00339,SBI,Savings,2016-06-10,88662
1001001518,PER00340,Kotak Mahindra Bank,Savings,2015-03-07,225613
1001001519,PER00340,HDFC Bank,Savings,2021-07-19,997787
1001001520,PER00341,Axis Bank,Savings,2011-02-26,288337
1001001521,PER00341,SBI,Savings,2019-03-29,439108
1001001522,PER00342,Kotak Mahindra Bank,Savings,2015-03-31,84845
1001001523,PER00342,HDFC Bank,Savings,2018-06-14,230317
1001001524,PER00343,Axis Bank,Savings,2018-10-28,58788
1001001525,PER00344,Kotak Mahindra Bank,Savings,2018-09-27,131381
1001001526,PER00345,Axis Bank,Savings,2023-01-09,199527
1001001527,PER00346,SBI,Savings,2017-02-26,236577
1001001528,PER00346,SBI,Savings,2021-04-12,207832
1001001529,PER00347,Kotak Mahindra Bank,Savings,2020-12-29,321335
1001001530,PER00348,Kotak Mahindra Bank,Savings,2015-02-19,248062
1001001531,PER00349,Kotak Mahindra Bank,Savings,2013-12-17,105868
1001001532,PER00350,Kotak Mahindra Bank,Savings,2019-05-27,95199
1001001533,PER00351,Kotak Mahindra Bank,Savings,2018-08-08,103004
1001001534,PER00352,ICICI Bank,Savings,2019-12-28,102613
1001001535,PER00352,Axis Bank,Savings,2016-11-19,149979
1001001536,PER00353,SBI,Savings,2019-04-22,76070
1001001537,PER00353,Kotak Mahindra Bank,Savings,2019-04-03,185604
1001001538,PER00354,HDFC Bank,Savings,2017-10-10,0
1001001539,PER00354,Kotak Mahindra Bank,Savings,2013-02-03,0
1001001540,PER00355,Axis Bank,Savings,2023-04-08,176700
1001001541,PER00355,ICICI Bank,Savings,2025-06-12,85003
1001001542,PER00356,HDFC Bank,Savings,2019-04-13,222693
1001001543,PER00356,SBI,Savings,2011-04-18,152463
1001001544,PER00357,HDFC Bank,Savings,2014-06-09,61302
1001001545,PER00358,ICICI Bank,Savings,2015-05-27,86137
1001001546,PER00359,ICICI Bank,Savings,2011-11-14,107523
1001001547,PER00360,SBI,Savings,2019-06-17,64793
1001001548,PER00361,ICICI Bank,Savings,2017-01-29,63796
1001001549,PER00362,Axis Bank,Savings,2015-02-01,162423
1001001550,PER00363,Axis Bank,Savings,2012-05-16,168830
1001001551,PER00364,SBI,Savings,2013-03-29,151367
1001001552,PER00364,Kotak Mahindra Bank,Savings,2016-12-20,77761
1001001553,PER00365,Kotak Mahindra Bank,Savings,2018-07-26,249793
1001001554,PER00366,ICICI Bank,Savings,2014-06-16,222977
1001001555,PER00367,HDFC Bank,Savings,2012-08-22,94661
1001001556,PER00368,Kotak Mahindra Bank,Savings,2017-02-20,212453
1001001557,PER00368,ICICI Bank,Savings,2020-04-12,107097
1001001558,PER00369,HDFC Bank,Savings,2023-09-02,58607
1001001559,PER00370,ICICI Bank,Savings,2016-07-25,69427
1001001560,PER00370,SBI,Savings,2024-01-19,125763
1001001561,PER00371,Kotak Mahindra Bank,Savings,2022-08-21,152084
1001001562,PER00371,ICICI Bank,Savings,2018-02-03,133384
1001001563,PER00372,Axis Bank,Savings,2012-04-15,95309
1001001564,PER00372,ICICI Bank,Savings,2013-03-23,100622
1001001565,PER00373,Axis Bank,Savings,2016-07-04,91472
1001001566,PER00374,Axis Bank,Savings,2019-12-17,66188
1001001567,PER00375,Kotak Mahindra Bank,Savings,2019-06-27,116294
1001001568,PER00375,SBI,Savings,2024-11-26,124160
1001001569,PER00376,Kotak Mahindra Bank,Savings,2014-03-02,298746
1001001570,PER00377,HDFC Bank,Savings,2020-10-20,729555
1001001571,PER00378,SBI,Savings,2018-12-22,40245
1001001572,PER00379,Axis Bank,Savings,2021-02-10,0
1001001573,PER00379,Kotak Mahindra Bank,Savings,2023-03-28,0
1001001574,PER00380,SBI,Savings,2024-04-28,190995
1001001575,PER00380,ICICI Bank,Savings,2017-03-02,194222
1001001576,PER00381,HDFC Bank,Savings,2013-11-23,0
1001001577,PER00382,HDFC Bank,Savings,2021-01-21,466584
1001001578,PER00382,SBI,Savings,2021-07-27,342595
1001001579,PER00383,HDFC Bank,Savings,2016-06-08,46739
1001001580,PER00384,Axis Bank,Savings,2017-10-10,215355
1001001581,PER00384,ICICI Bank,Savings,2022-12-31,125565
1001001582,PER00385,Axis Bank,Savings,2023-01-23,60516
1001001583,PER00386,Kotak Mahindra Bank,Savings,2016-06-07,110730
1001001584,PER00387,ICICI Bank,Savings,2020-02-18,69758
1001001585,PER00388,SBI,Savings,2020-10-10,224225
1001001586,PER00389,Axis Bank,Savings,2018-01-12,27377
1001001587,PER00390,SBI,Savings,2013-01-17,232437
1001001588,PER00391,Axis Bank,Savings,2011-05-01,81632
1001001589,PER00391,HDFC Bank,Savings,2021-10-17,51807
1001001590,PER00392,SBI,Savings,2016-04-10,51480
1001001591,PER00392,SBI,Savings,2015-04-23,83576
1001001592,PER00393,Kotak Mahindra Bank,Savings,2022-12-06,132552
1001001593,PER00393,Kotak Mahindra Bank,Savings,2017-08-12,131226
1001001594,PER00394,HDFC Bank,Savings,2015-04-27,78797
1001001595,PER00395,HDFC Bank,Savings,2016-02-04,0
1001001596,PER00395,Kotak Mahindra Bank,Savings,2023-03-29,0
1001001597,PER00396,HDFC Bank,Savings,2020-03-08,101371
1001001598,PER00397,ICICI Bank,Savings,2018-08-09,41181
1001001599,PER00397,SBI,Savings,2012-09-21,290038
1001001600,PER00398,Axis Bank,Savings,2023-03-08,120841
1001001601,PER00398,Axis Bank,Savings,2021-07-02,850791
1001001602,PER00399,HDFC Bank,Savings,2023-04-21,286001
1001001603,PER00399,SBI,Savings,2016-04-23,174121
1001001604,PER00400,ICICI Bank,Savings,2011-10-22,244130
1001001605,PER00401,Kotak Mahindra Bank,Savings,2020-10-18,30960
1001001606,PER00401,SBI,Savings,2020-11-12,144285
1001001607,PER00402,HDFC Bank,Savings,2019-01-28,210286
1001001608,PER00403,ICICI Bank,Savings,2021-03-10,168602
1001001609,PER00404,SBI,Savings,2024-11-01,88819
1001001610,PER00405,Kotak Mahindra Bank,Savings,2013-05-01,38266
1001001611,PER00406,Axis Bank,Savings,2025-05-18,294757
1001001612,PER00406,SBI,Savings,2023-07-07,109410
1001001613,PER00407,Axis Bank,Savings,2023-11-18,194416
1001001614,PER00408,HDFC Bank,Savings,2024-09-10,295920
1001001615,PER00408,ICICI Bank,Savings,2013-09-03,177707
1001001616,PER00409,SBI,Savings,2016-04-30,35115
1001001617,PER00410,Axis Bank,Savings,2013-08-31,267673
1001001618,PER00411,Axis Bank,Savings,2013-06-26,239224
1001001619,PER00412,Kotak Mahindra Bank,Savings,2015-03-22,63182
1001001620,PER00412,ICICI Bank,Savings,2025-06-27,261807
1001001621,PER00413,Kotak Mahindra Bank,Savings,2022-07-28,135757
1001001622,PER00414,ICICI Bank,Savings,2013-02-01,426660
1001001623,PER00415,ICICI Bank,Savings,2012-11-18,135874
1001001624,PER00416,Axis Bank,Savings,2022-08-14,78381
1001001625,PER00417,Kotak Mahindra Bank,Savings,2013-06-23,155495
1001001626,PER00417,ICICI Bank,Savings,2016-07-14,153094
1001001627,PER00418,ICICI Bank,Savings,2012-07-21,118470
1001001628,PER00418,SBI,Savings,2025-12-08,27917
1001001629,PER00419,HDFC Bank,Savings,2017-08-04,94526
1001001630,PER00419,SBI,Savings,2011-04-17,261636
1001001631,PER00420,Kotak Mahindra Bank,Savings,2017-06-25,28845
1001001632,PER00421,ICICI Bank,Savings,2012-12-03,53482
1001001633,PER00422,HDFC Bank,Savings,2014-12-23,309172
1001001634,PER00423,ICICI Bank,Savings,2018-07-17,318113
1001001635,PER00424,HDFC Bank,Savings,2012-04-03,79759
1001001636,PER00425,HDFC Bank,Savings,2017-09-08,129082
1001001637,PER00426,Axis Bank,Savings,2014-06-25,206800
1001001638,PER00427,ICICI Bank,Savings,2015-09-23,163153
1001001639,PER00428,Kotak Mahindra Bank,Savings,2012-04-10,110426
1001001640,PER00429,HDFC Bank,Savings,2015-07-01,462984
1001001641,PER00430,Kotak Mahindra Bank,Savings,2025-02-09,170342
1001001642,PER00431,ICICI Bank,Savings,2019-08-02,68287
1001001643,PER00432,Kotak Mahindra Bank,Savings,2018-12-02,248227
1001001644,PER00433,Kotak Mahindra Bank,Savings,2014-02-06,210453
1001001645,PER00434,Axis Bank,Savings,2012-02-15,298206
1001001646,PER00434,SBI,Savings,2023-08-21,126298
1001001647,PER00435,Axis Bank,Savings,2013-09-23,131799
1001001648,PER00436,Axis Bank,Savings,2021-12-06,61155
1001001649,PER00437,HDFC Bank,Savings,2020-04-01,196980
1001001650,PER00437,Kotak Mahindra Bank,Savings,2021-06-05,212318
1001001651,PER00438,SBI,Savings,2018-01-09,35136
1001001652,PER00439,HDFC Bank,Savings,2023-06-28,79162
1001001653,PER00439,ICICI Bank,Savings,2018-07-15,362663
1001001654,PER00440,ICICI Bank,Savings,2023-10-09,159794
1001001655,PER00440,ICICI Bank,Savings,2024-01-08,104239
1001001656,PER00441,Kotak Mahindra Bank,Savings,2024-10-19,29431
1001001657,PER00442,HDFC Bank,Savings,2019-09-18,100003
1001001658,PER00442,HDFC Bank,Savings,2014-11-05,220827
1001001659,PER00443,Axis Bank,Savings,2012-06-04,292660
1001001660,PER00443,SBI,Savings,2017-08-11,65250
1001001661,PER00444,HDFC Bank,Savings,2021-01-03,78771
1001001662,PER00444,Kotak Mahindra Bank,Savings,2024-02-20,94722
1001001663,PER00445,Axis Bank,Savings,2021-10-27,140287
1001001664,PER00446,Axis Bank,Savings,2023-03-03,138012
1001001665,PER00447,SBI,Savings,2016-08-12,972351
1001001666,PER00448,Axis Bank,Savings,2020-01-28,64428
1001001667,PER00448,HDFC Bank,Savings,2013-04-27,134576
1001001668,PER00449,ICICI Bank,Savings,2011-06-13,114618
1001001669,PER00450,ICICI Bank,Savings,2014-06-25,25129
1001001670,PER00451,Axis Bank,Savings,2015-06-26,114512
1001001671,PER00451,SBI,Savings,2012-08-15,204226
1001001672,PER00452,SBI,Savings,2024-01-09,42254
1001001673,PER00452,ICICI Bank,Savings,2023-12-07,119621
1001001674,PER00453,ICICI Bank,Savings,2022-01-21,335050
1001001675,PER00453,ICICI Bank,Savings,2024-06-23,207648
1001001676,PER00454,HDFC Bank,Savings,2014-08-11,33034
1001001677,PER00455,Axis Bank,Savings,2025-11-14,35938
1001001678,PER00455,ICICI Bank,Savings,2019-12-03,166298
1001001679,PER00456,ICICI Bank,Savings,2018-12-11,943078
1001001680,PER00456,SBI,Savings,2021-03-14,307485
1001001681,PER00457,Axis Bank,Savings,2018-01-13,36063
1001001682,PER00458,HDFC Bank,Savings,2013-06-27,190152
1001001683,PER00459,SBI,Savings,2018-06-08,164677
1001001684,PER00460,ICICI Bank,Savings,2019-10-27,120511
1001001685,PER00461,Axis Bank,Savings,2023-04-20,184852
1001001686,PER00462,ICICI Bank,Savings,2019-07-16,286577
1001001687,PER00462,HDFC Bank,Savings,2025-08-22,204629
1001001688,PER00463,Axis Bank,Savings,2021-12-30,153900
1001001689,PER00463,Kotak Mahindra Bank,Savings,2025-12-05,111981
1001001690,PER00464,Kotak Mahindra Bank,Savings,2016-03-04,190765
1001001691,PER00465,ICICI Bank,Savings,2018-10-08,143789
1001001692,PER00465,ICICI Bank,Savings,2012-09-28,98595
1001001693,PER00466,HDFC Bank,Savings,2022-09-11,246305
1001001694,PER00466,HDFC Bank,Savings,2015-03-14,58627
1001001695,PER00467,Axis Bank,Savings,2012-02-12,848428
1001001696,PER00468,Axis Bank,Savings,2020-12-03,20793
1001001697,PER00469,Axis Bank,Savings,2014-06-14,115587
1001001698,PER00470,SBI,Savings,2017-12-28,290666
1001001699,PER00470,ICICI Bank,Savings,2020-05-24,366388
1001001700,PER00471,ICICI Bank,Savings,2021-10-09,138997
1001001701,PER00472,Kotak Mahindra Bank,Savings,2018-03-28,27639
1001001702,PER00473,Kotak Mahindra Bank,Savings,2013-07-14,253248
1001001703,PER00473,HDFC Bank,Savings,2015-09-15,303915
1001001704,PER00474,Kotak Mahindra Bank,Savings,2022-03-30,82280
1001001705,PER00474,HDFC Bank,Savings,2013-07-01,125565
1001001706,PER00475,HDFC Bank,Savings,2017-03-06,37632
1001001707,PER00476,HDFC Bank,Savings,2012-10-05,125932
1001001708,PER00477,SBI,Savings,2014-05-18,66834
1001001709,PER00478,SBI,Savings,2012-02-20,197542
1001001710,PER00478,Axis Bank,Savings,2011-12-08,249861
1001001711,PER00479,Kotak Mahindra Bank,Savings,2023-02-09,298645
1001001712,PER00479,Axis Bank,Savings,2015-04-22,139821
1001001713,PER00480,HDFC Bank,Savings,2013-08-14,139246
1001001714,PER00480,HDFC Bank,Savings,2025-03-28,192801
1001001715,PER00481,Kotak Mahindra Bank,Savings,2012-12-23,813942
1001001716,PER00481,Kotak Mahindra Bank,Savings,2021-06-30,411711
1001001717,PER00482,Kotak Mahindra Bank,Savings,2023-03-10,0
1001001718,PER00483,Kotak Mahindra Bank,Savings,2024-04-24,171401
1001001719,PER00483,SBI,Savings,2024-07-21,17711
1001001720,PER00484,Kotak Mahindra Bank,Savings,2011-09-05,0
1001001721,PER00484,ICICI Bank,Savings,2016-01-05,0
1001001722,PER00485,Axis Bank,Savings,2017-06-13,191676
1001001723,PER00485,Axis Bank,Savings,2011-10-13,109931
1001001724,PER00486,SBI,Savings,2023-09-15,55464
1001001725,PER00487,Kotak Mahindra Bank,Savings,2015-05-19,239769
1001001726,PER00487,ICICI Bank,Savings,2020-07-14,36156
1001001727,PER00488,HDFC Bank,Savings,2017-04-07,291905
1001001728,PER00489,HDFC Bank,Savings,2024-07-24,0
1001001729,PER00490,Axis Bank,Savings,2023-10-04,28040
1001001730,PER00491,ICICI Bank,Savings,2012-07-13,41067
1001001731,PER00492,Axis Bank,Savings,2017-06-20,100743
1001001732,PER00493,SBI,Savings,2024-03-22,249333
1001001733,PER00494,ICICI Bank,Savings,2019-11-10,120048
1001001734,PER00494,HDFC Bank,Savings,2014-03-07,136039
1001001735,PER00495,ICICI Bank,Savings,2022-06-13,172000
1001001736,PER00496,HDFC Bank,Savings,2011-08-15,77724
1001001737,PER00496,SBI,Savings,2014-01-24,146184
1001001738,PER00497,ICICI Bank,Savings,2018-08-24,51910
1001001739,PER00497,SBI,Savings,2014-01-12,236228
1001001740,PER00498,Kotak Mahindra Bank,Savings,2011-05-21,77337
1001001741,PER00499,ICICI Bank,Savings,2023-07-02,128067
1001001742,PER00500,SBI,Savings,2017-04-22,201995
1001001743,PER00501,SBI,Savings,2022-04-30,132862
1001001744,PER00501,Kotak Mahindra Bank,Savings,2020-03-25,100546
1001001745,PER00502,Axis Bank,Savings,2016-01-25,214376
1001001746,PER00502,SBI,Savings,2013-11-18,224454
1001001747,PER00503,SBI,Savings,2018-12-19,462069
1001001748,PER00504,HDFC Bank,Savings,2011-04-10,211577
1001001749,PER00504,ICICI Bank,Savings,2025-02-27,133676
1001001750,PER00505,Kotak Mahindra Bank,Savings,2013-02-14,324978
1001001751,PER00505,Kotak Mahindra Bank,Savings,2025-07-30,283406
1001001752,PER00506,Kotak Mahindra Bank,Savings,2011-05-07,91088
1001001753,PER00507,Kotak Mahindra Bank,Savings,2023-06-04,137153
1001001754,PER00507,ICICI Bank,Savings,2015-09-14,167117
1001001755,PER00508,SBI,Savings,2013-05-14,37107
1001001756,PER00508,SBI,Savings,2022-05-03,247259
1001001757,PER00509,Kotak Mahindra Bank,Savings,2019-01-29,51632
1001001758,PER00509,Axis Bank,Savings,2015-05-10,125324
1001001759,PER00510,ICICI Bank,Savings,2015-08-22,34635
1001001760,PER00511,Kotak Mahindra Bank,Savings,2013-12-15,108045
1001001761,PER00512,ICICI Bank,Savings,2024-01-24,227604
1001001762,PER00513,Kotak Mahindra Bank,Savings,2023-12-07,158129
1001001763,PER00514,SBI,Savings,2012-10-02,58881
1001001764,PER00515,Kotak Mahindra Bank,Savings,2025-12-31,0
1001001765,PER00516,HDFC Bank,Savings,2011-07-30,205844
1001001766,PER00517,Kotak Mahindra Bank,Savings,2012-10-20,312780
1001001767,PER00518,Kotak Mahindra Bank,Savings,2012-02-02,22717
1001001768,PER00519,Axis Bank,Savings,2014-03-29,87561
1001001769,PER00519,SBI,Savings,2012-09-15,245840
1001001770,PER00520,HDFC Bank,Savings,2023-09-08,216985
1001001771,PER00520,ICICI Bank,Savings,2020-03-05,43971
1001001772,PER00521,HDFC Bank,Savings,2019-07-03,157719
1001001773,PER00521,SBI,Savings,2025-09-11,29160
1001001774,PER00522,Axis Bank,Savings,2023-10-26,750916
1001001775,PER00522,Kotak Mahindra Bank,Savings,2014-01-13,427279
1001001776,PER00523,SBI,Savings,2016-04-07,26694
1001001777,PER00524,Kotak Mahindra Bank,Savings,2020-06-14,96325
1001001778,PER00524,ICICI Bank,Savings,2011-11-22,46697
1001001779,PER00525,HDFC Bank,Savings,2015-04-01,141642
1001001780,PER00526,Axis Bank,Savings,2017-03-02,188304
1001001781,PER00527,ICICI Bank,Savings,2019-01-02,246757
1001001782,PER00527,ICICI Bank,Savings,2013-01-31,380521
1001001783,PER00528,ICICI Bank,Savings,2015-12-01,190668
1001001784,PER00528,Axis Bank,Savings,2017-04-30,848057
1001001785,PER00529,Kotak Mahindra Bank,Savings,2015-08-03,356959
1001001786,PER00530,SBI,Savings,2011-08-10,95703
1001001787,PER00531,HDFC Bank,Savings,2016-08-01,582284
1001001788,PER00532,HDFC Bank,Savings,2012-04-21,76248
1001001789,PER00532,Kotak Mahindra Bank,Savings,2024-07-19,75591
1001001790,PER00533,Kotak Mahindra Bank,Savings,2019-01-26,234513
1001001791,PER00534,ICICI Bank,Savings,2024-07-28,49389
1001001792,PER00534,HDFC Bank,Savings,2016-03-04,193480
1001001793,PER00535,ICICI Bank,Savings,2012-02-03,523023
1001001794,PER00535,Kotak Mahindra Bank,Savings,2016-07-09,67479
1001001795,PER00536,SBI,Savings,2012-09-05,64250
1001001796,PER00537,Axis Bank,Savings,2011-12-10,95505
1001001797,PER00537,Kotak Mahindra Bank,Savings,2025-07-23,110709
1001001798,PER00538,ICICI Bank,Savings,2015-05-12,558759
1001001799,PER00538,Axis Bank,Savings,2022-02-19,713288
1001001800,PER00539,HDFC Bank,Savings,2011-06-06,232605
1001001801,PER00539,Axis Bank,Savings,2025-10-27,124706
1001001802,PER00540,Axis Bank,Savings,2022-09-28,251362
1001001803,PER00541,HDFC Bank,Savings,2013-08-17,56358
1001001804,PER00541,HDFC Bank,Savings,2014-03-08,94611
1001001805,PER00542,SBI,Savings,2014-09-06,138396
1001001806,PER00542,HDFC Bank,Savings,2020-02-20,232448
1001001807,PER00543,Axis Bank,Savings,2018-06-14,70783
1001001808,PER00544,ICICI Bank,Savings,2020-01-20,140661
1001001809,PER00545,Kotak Mahindra Bank,Savings,2024-02-26,311889
1001001810,PER00546,HDFC Bank,Savings,2017-11-26,296772
1001001811,PER00547,SBI,Savings,2016-02-05,40574
1001001812,PER00547,HDFC Bank,Savings,2015-01-17,106625
1001001813,PER00548,Kotak Mahindra Bank,Savings,2015-04-19,266361
1001001814,PER00548,Kotak Mahindra Bank,Savings,2019-01-26,240663
1001001815,PER00549,ICICI Bank,Savings,2024-08-25,142454
1001001816,PER00550,ICICI Bank,Savings,2023-11-15,126301
1001001817,PER00551,HDFC Bank,Savings,2014-01-22,273208
1001001818,PER00552,Axis Bank,Savings,2021-06-12,285127
1001001819,PER00553,Axis Bank,Savings,2019-03-22,94726
1001001820,PER00553,SBI,Savings,2024-05-17,71736
1001001821,PER00554,ICICI Bank,Savings,2021-02-13,99240
1001001822,PER00554,ICICI Bank,Savings,2013-11-04,83371
1001001823,PER00555,ICICI Bank,Savings,2011-12-19,196883
1001001824,PER00556,Axis Bank,Savings,2019-11-08,243304
1001001825,PER00557,ICICI Bank,Savings,2014-05-03,201866
1001001826,PER00558,SBI,Savings,2024-04-03,99178
1001001827,PER00559,HDFC Bank,Savings,2014-10-29,273826
1001001828,PER00560,Kotak Mahindra Bank,Savings,2016-04-01,167163
1001001829,PER00561,SBI,Savings,2016-06-10,62620
1001001830,PER00561,ICICI Bank,Savings,2024-07-22,122891
1001001831,PER00562,Kotak Mahindra Bank,Savings,2017-08-25,137661
1001001832,PER00562,Axis Bank,Savings,2022-11-22,89282
1001001833,PER00563,ICICI Bank,Savings,2020-03-22,87385
1001001834,PER00563,Axis Bank,Savings,2017-03-29,107788
1001001835,PER00564,ICICI Bank,Savings,2016-08-12,153839
1001001836,PER00564,Axis Bank,Savings,2025-11-16,194141
1001001837,PER00565,SBI,Savings,2013-06-14,230823
1001001838,PER00565,SBI,Savings,2014-07-13,181195
1001001839,PER00566,SBI,Savings,2018-02-07,52387
1001001840,PER00567,ICICI Bank,Savings,2019-07-11,215963
1001001841,PER00567,Kotak Mahindra Bank,Savings,2022-04-05,220990
1001001842,PER00568,SBI,Savings,2024-08-15,211270
1001001843,PER00568,ICICI Bank,Savings,2012-12-16,217067
1001001844,PER00569,SBI,Savings,2019-07-30,0
1001001845,PER00569,Axis Bank,Savings,2024-06-20,0
1001001846,PER00570,ICICI Bank,Savings,2025-08-29,117815
1001001847,PER00571,Axis Bank,Savings,2019-12-06,27555
1001001848,PER00572,Kotak Mahindra Bank,Savings,2013-02-27,130888
1001001849,PER00573,HDFC Bank,Savings,2019-04-14,292068
1001001850,PER00574,SBI,Savings,2024-05-22,114379
1001001851,PER00575,HDFC Bank,Savings,2016-08-19,47421
1001001852,PER00575,SBI,Savings,2020-03-28,150693
1001001853,PER00576,HDFC Bank,Savings,2018-04-26,54789
1001001854,PER00576,ICICI Bank,Savings,2021-06-25,63532
1001001855,PER00577,Kotak Mahindra Bank,Savings,2017-11-25,189493
1001001856,PER00577,ICICI Bank,Savings,2016-06-03,153394
1001001857,PER00578,SBI,Savings,2013-10-06,197413
1001001858,PER00579,HDFC Bank,Savings,2011-05-07,109984
1001001859,PER00579,HDFC Bank,Savings,2023-11-03,139454
1001001860,PER00580,SBI,Savings,2025-03-08,162451
1001001861,PER00581,HDFC Bank,Savings,2020-11-24,136879
1001001862,PER00582,HDFC Bank,Savings,2025-10-30,0
1001001863,PER00582,SBI,Savings,2021-06-16,0
1001001864,PER00583,SBI,Savings,2021-08-03,43018
1001001865,PER00584,Kotak Mahindra Bank,Savings,2011-03-05,145234
1001001866,PER00584,SBI,Savings,2020-11-25,137741
1001001867,PER00585,Axis Bank,Savings,2024-05-16,234932
1001001868,PER00586,ICICI Bank,Savings,2013-01-05,133324
1001001869,PER00586,HDFC Bank,Savings,2014-03-20,115807
1001001870,PER00587,ICICI Bank,Savings,2013-06-13,209070
1001001871,PER00588,Kotak Mahindra Bank,Savings,2023-11-18,94531
1001001872,PER00588,Axis Bank,Savings,2015-06-04,69853
1001001873,PER00589,ICICI Bank,Savings,2012-06-26,188823
1001001874,PER00590,Kotak Mahindra Bank,Savings,2011-07-27,0
1001001875,PER00591,SBI,Savings,2018-05-31,310212
1001001876,PER00591,SBI,Savings,2019-02-08,126963
1001001877,PER00592,Kotak Mahindra Bank,Savings,2015-10-18,307469
1001001878,PER00593,Axis Bank,Savings,2011-11-01,81890
1001001879,PER00594,SBI,Savings,2025-04-19,0
1001001880,PER00594,SBI,Savings,2014-04-30,0
1001001881,PER00595,Axis Bank,Savings,2013-09-20,0
1001001882,PER00596,SBI,Savings,2021-09-23,154063
1001001883,PER00596,Kotak Mahindra Bank,Savings,2015-05-26,52317
1001001884,PER00597,Kotak Mahindra Bank,Savings,2013-11-19,234137
1001001885,PER00598,Kotak Mahindra Bank,Savings,2021-12-05,126329
1001001886,PER00599,ICICI Bank,Savings,2017-04-21,215295
1001001887,PER00600,SBI,Savings,2019-06-23,295141
1001001888,PER00601,HDFC Bank,Savings,2012-08-25,78794
1001001889,PER00602,Axis Bank,Savings,2021-05-25,171646
1001001890,PER00603,HDFC Bank,Savings,2024-03-06,38975
1001001891,PER00604,HDFC Bank,Savings,2023-11-11,200386
1001001892,PER00605,HDFC Bank,Savings,2014-10-15,116862
1001001893,PER00606,ICICI Bank,Savings,2022-11-27,72977
1001001894,PER00606,Axis Bank,Savings,2022-12-07,179032
1001001895,PER00607,Axis Bank,Savings,2023-08-17,112423
1001001896,PER00608,Axis Bank,Savings,2017-12-10,329987
1001001897,PER00608,ICICI Bank,Savings,2014-10-04,57117
1001001898,PER00609,Kotak Mahindra Bank,Savings,2013-11-30,838941
1001001899,PER00609,Axis Bank,Savings,2019-03-21,594794
1001001900,PER00610,Axis Bank,Savings,2024-02-10,175647
1001001901,PER00610,Axis Bank,Savings,2014-07-17,244077
1001001902,PER00611,ICICI Bank,Savings,2024-05-10,153297
1001001903,PER00611,HDFC Bank,Savings,2022-05-03,121925
1001001904,PER00612,ICICI Bank,Savings,2018-07-16,85341
1001001905,PER00613,Kotak Mahindra Bank,Savings,2011-11-24,241636
1001001906,PER00614,ICICI Bank,Savings,2015-11-07,689686
1001001907,PER00614,HDFC Bank,Savings,2020-12-17,974453
1001001908,PER00615,ICICI Bank,Savings,2023-04-27,151558
1001001909,PER00616,Axis Bank,Savings,2023-08-09,60260
1001001910,PER00616,SBI,Savings,2011-11-20,110413
1001001911,PER00617,HDFC Bank,Savings,2016-10-29,79109
1001001912,PER00618,Kotak Mahindra Bank,Savings,2020-11-30,129393
1001001913,PER00619,HDFC Bank,Savings,2023-03-20,345352
1001001914,PER00620,ICICI Bank,Savings,2019-05-09,119626
1001001915,PER00621,Axis Bank,Savings,2021-08-18,364765
1001001916,PER00621,Axis Bank,Savings,2025-05-11,365484
1001001917,PER00622,Kotak Mahindra Bank,Savings,2014-01-30,148309
1001001918,PER00623,ICICI Bank,Savings,2024-09-24,0
1001001919,PER00623,SBI,Savings,2014-08-19,0
1001001920,PER00624,HDFC Bank,Savings,2013-12-15,102232
1001001921,PER00624,Axis Bank,Savings,2015-01-01,27320
1001001922,PER00625,HDFC Bank,Savings,2026-01-24,83608
1001001923,PER00625,ICICI Bank,Savings,2015-08-11,90770
1001001924,PER00626,Axis Bank,Savings,2023-08-01,217217
1001001925,PER00626,SBI,Savings,2017-05-18,69797
1001001926,PER00627,Kotak Mahindra Bank,Savings,2014-08-03,110330
1001001927,PER00627,Axis Bank,Savings,2025-09-22,100730
1001001928,PER00628,HDFC Bank,Savings,2012-05-29,35507
1001001929,PER00629,Kotak Mahindra Bank,Savings,2023-04-07,113357
1001001930,PER00630,HDFC Bank,Savings,2018-04-06,53365
1001001931,PER00630,ICICI Bank,Savings,2015-03-10,145501
1001001932,PER00631,HDFC Bank,Savings,2018-10-19,130612
1001001933,PER00632,HDFC Bank,Savings,2021-07-26,152173
1001001934,PER00632,Axis Bank,Savings,2011-11-13,101912
1001001935,PER00633,HDFC Bank,Savings,2011-02-17,199794
1001001936,PER00633,ICICI Bank,Savings,2025-05-07,205566
1001001937,PER00634,ICICI Bank,Savings,2020-01-29,144939
1001001938,PER00635,HDFC Bank,Savings,2014-09-01,117524
1001001939,PER00636,ICICI Bank,Savings,2014-03-14,91536
1001001940,PER00636,Kotak Mahindra Bank,Savings,2012-02-28,27615
1001001941,PER00637,SBI,Savings,2023-05-27,59379
1001001942,PER00637,Kotak Mahindra Bank,Savings,2024-01-22,154817
1001001943,PER00638,Kotak Mahindra Bank,Savings,2022-09-30,178827
1001001944,PER00639,HDFC Bank,Savings,2016-12-06,0
1001001945,PER00639,Kotak Mahindra Bank,Savings,2012-02-11,0
1001001946,PER00640,Kotak Mahindra Bank,Savings,2018-10-14,128366
1001001947,PER00640,Kotak Mahindra Bank,Savings,2018-04-11,130352
1001001948,PER00641,Axis Bank,Savings,2016-01-09,78605
1001001949,PER00641,SBI,Savings,2024-07-25,165135
1001001950,PER00642,Axis Bank,Savings,2023-02-27,195608
1001001951,PER00643,Axis Bank,Savings,2014-12-20,125710
1001001952,PER00644,ICICI Bank,Savings,2023-02-22,89599
1001001953,PER00645,ICICI Bank,Savings,2011-04-24,121787
1001001954,PER00645,Kotak Mahindra Bank,Savings,2018-02-13,184436
1001001955,PER00646,HDFC Bank,Savings,2018-07-30,102231
1001001956,PER00647,HDFC Bank,Savings,2015-09-21,170358
1001001957,PER00647,Kotak Mahindra Bank,Savings,2020-01-24,113979
1001001958,PER00648,HDFC Bank,Savings,2014-02-05,757683
1001001959,PER00648,HDFC Bank,Savings,2014-06-11,302148
1001001960,PER00649,SBI,Savings,2013-09-24,132598
1001001961,PER00649,Kotak Mahindra Bank,Savings,2019-10-27,142456
1001001962,PER00650,HDFC Bank,Savings,2025-06-28,138327
1001001963,PER00651,ICICI Bank,Savings,2011-12-14,986664
1001001964,PER00651,SBI,Savings,2014-10-02,539039
1001001965,PER00652,ICICI Bank,Savings,2019-04-17,87491
1001001966,PER00653,HDFC Bank,Savings,2023-08-21,159195
1001001967,PER00653,HDFC Bank,Savings,2011-10-05,757361
1001001968,PER00654,SBI,Savings,2023-08-12,65316
1001001969,PER00655,Kotak Mahindra Bank,Savings,2016-03-16,376207
1001001970,PER00655,SBI,Savings,2013-05-31,337974
1001001971,PER00656,Axis Bank,Savings,2016-09-28,140288
1001001972,PER00657,ICICI Bank,Savings,2013-08-02,269961
1001001973,PER00658,ICICI Bank,Savings,2020-04-01,0
1001001974,PER00659,ICICI Bank,Savings,2019-12-29,27371
1001001975,PER00659,ICICI Bank,Savings,2021-03-03,169577
1001001976,PER00660,SBI,Savings,2025-05-27,157326
1001001977,PER00661,Kotak Mahindra Bank,Savings,2023-10-16,138814
1001001978,PER00661,HDFC Bank,Savings,2012-03-16,155847
1001001979,PER00662,SBI,Savings,2024-07-21,87460
1001001980,PER00663,Axis Bank,Savings,2015-10-06,175303
1001001981,PER00663,HDFC Bank,Savings,2013-09-18,58339
1001001982,PER00664,Kotak Mahindra Bank,Savings,2013-06-15,101330
1001001983,PER00664,SBI,Savings,2016-10-01,53922
1001001984,PER00665,ICICI Bank,Savings,2018-11-03,152694
1001001985,PER00665,Kotak Mahindra Bank,Savings,2021-10-08,149694
1001001986,PER00666,SBI,Savings,2022-04-21,92593
1001001987,PER00667,ICICI Bank,Savings,2020-07-16,135685
1001001988,PER00667,ICICI Bank,Savings,2015-05-17,74132
1001001989,PER00668,ICICI Bank,Savings,2020-05-27,174293
1001001990,PER00668,HDFC Bank,Savings,2015-08-06,259244
1001001991,PER00669,SBI,Savings,2021-05-11,266335
1001001992,PER00669,ICICI Bank,Savings,2012-12-29,293126
1001001993,PER00670,SBI,Savings,2019-06-19,102179
1001001994,PER00671,ICICI Bank,Savings,2012-03-24,79520
1001001995,PER00671,HDFC Bank,Savings,2014-11-22,107731
1001001996,PER00672,Kotak Mahindra Bank,Savings,2014-09-07,106625
1001001997,PER00673,SBI,Savings,2013-02-10,63246
1001001998,PER00674,Kotak Mahindra Bank,Savings,2016-03-03,183800
1001001999,PER00674,HDFC Bank,Savings,2017-02-21,70521
1001002000,PER00675,SBI,Savings,2013-08-12,80085
1001002001,PER00675,Axis Bank,Savings,2012-05-24,157001
1001002002,PER00676,Axis Bank,Savings,2015-12-07,254013
1001002003,PER00677,SBI,Savings,2015-05-01,157028
1001002004,PER00677,SBI,Savings,2025-11-17,74767
1001002005,PER00678,Kotak Mahindra Bank,Savings,2015-09-08,114318
1001002006,PER00679,ICICI Bank,Savings,2011-04-06,304514
1001002007,PER00679,Kotak Mahindra Bank,Savings,2020-03-07,48069
1001002008,PER00680,Kotak Mahindra Bank,Savings,2021-02-19,93139
1001002009,PER00681,Kotak Mahindra Bank,Savings,2025-12-30,79284
1001002010,PER00681,Kotak Mahindra Bank,Savings,2013-04-30,47785
1001002011,PER00682,Axis Bank,Savings,2012-01-07,99389
1001002012,PER00682,SBI,Savings,2025-09-28,462684
1001002013,PER00683,ICICI Bank,Savings,2024-07-29,127675
1001002014,PER00683,Axis Bank,Savings,2022-01-03,162062
1001002015,PER00684,SBI,Savings,2021-02-21,83153
1001002016,PER00684,ICICI Bank,Savings,2018-11-25,214335
1001002017,PER00685,ICICI Bank,Savings,2016-05-13,36267
1001002018,PER00685,SBI,Savings,2018-09-16,137438
1001002019,PER00686,ICICI Bank,Savings,2019-11-12,63356
1001002020,PER00686,SBI,Savings,2012-11-11,141075
1001002021,PER00687,HDFC Bank,Savings,2021-12-30,54207
1001002022,PER00688,ICICI Bank,Savings,2024-07-15,125776
1001002023,PER00689,ICICI Bank,Savings,2025-03-02,173326
1001002024,PER00690,ICICI Bank,Savings,2022-09-24,117976
1001002025,PER00690,HDFC Bank,Savings,2018-08-05,83645
1001002026,PER00691,SBI,Savings,2020-06-11,213191
1001002027,PER00691,SBI,Savings,2024-02-12,320147
1001002028,PER00692,HDFC Bank,Savings,2020-01-26,29760
1001002029,PER00693,Axis Bank,Savings,2013-12-23,157164
1001002030,PER00694,Axis Bank,Savings,2019-11-28,298021
1001002031,PER00695,HDFC Bank,Savings,2015-03-05,141983
1001002032,PER00696,Kotak Mahindra Bank,Savings,2014-07-16,82781
1001002033,PER00697,SBI,Savings,2012-12-01,112785
1001002034,PER00697,Axis Bank,Savings,2024-02-05,25277
1001002035,PER00698,Kotak Mahindra Bank,Savings,2012-06-24,261793
1001002036,PER00699,Axis Bank,Savings,2020-09-24,308410
1001002037,PER00700,HDFC Bank,Savings,2024-04-29,296087
1001002038,PER00700,ICICI Bank,Savings,2020-10-05,399458
1001002039,PER00701,Axis Bank,Savings,2012-04-02,241548
1001002040,PER00702,ICICI Bank,Savings,2024-07-04,234686
1001002041,PER00703,ICICI Bank,Savings,2011-10-20,199783
1001002042,PER00704,ICICI Bank,Savings,2017-08-24,110112
1001002043,PER00705,SBI,Savings,2021-10-12,167395
1001002044,PER00705,SBI,Savings,2011-06-18,192762
1001002045,PER00706,ICICI Bank,Savings,2015-03-11,227014
1001002046,PER00706,Axis Bank,Savings,2013-12-22,344035
1001002047,PER00707,HDFC Bank,Savings,2020-11-10,171645
1001002048,PER00707,Axis Bank,Savings,2025-12-23,125491
1001002049,PER00708,SBI,Savings,2018-07-27,202371
1001002050,PER00709,ICICI Bank,Savings,2023-08-01,83764
1001002051,PER00709,Kotak Mahindra Bank,Savings,2020-03-21,137907
1001002052,PER00710,Kotak Mahindra Bank,Savings,2011-06-05,275377
1001002053,PER00710,Kotak Mahindra Bank,Savings,2012-06-27,159652
1001002054,PER00711,HDFC Bank,Savings,2021-01-26,220700
1001002055,PER00711,SBI,Savings,2023-05-19,209151
1001002056,PER00712,Axis Bank,Savings,2016-12-24,46613
1001002057,PER00712,SBI,Savings,2024-10-06,110763
1001002058,PER00713,HDFC Bank,Savings,2023-02-17,83525
1001002059,PER00713,ICICI Bank,Savings,2016-05-20,91365
1001002060,PER00714,SBI,Savings,2024-11-03,162920
1001002061,PER00714,Kotak Mahindra Bank,Savings,2012-11-14,173945
1001002062,PER00715,HDFC Bank,Savings,2025-07-15,178663
1001002063,PER00715,Kotak Mahindra Bank,Savings,2019-02-25,184546
1001002064,PER00716,HDFC Bank,Savings,2013-01-07,169369
1001002065,PER00716,SBI,Savings,2016-06-06,344027
1001002066,PER00717,ICICI Bank,Savings,2023-07-16,107997
1001002067,PER00718,ICICI Bank,Savings,2019-12-13,187073
1001002068,PER00719,Axis Bank,Savings,2018-05-16,148074
1001002069,PER00719,HDFC Bank,Savings,2014-06-20,258855
1001002070,PER00720,Axis Bank,Savings,2012-02-02,161603
1001002071,PER00721,SBI,Savings,2014-11-23,61640
1001002072,PER00722,HDFC Bank,Savings,2014-08-24,303929
1001002073,PER00722,Axis Bank,Savings,2020-11-20,86797
1001002074,PER00723,ICICI Bank,Savings,2024-07-06,74178
1001002075,PER00723,SBI,Savings,2011-04-04,187556
1001002076,PER00724,Kotak Mahindra Bank,Savings,2024-05-11,87535
1001002077,PER00724,Axis Bank,Savings,2013-07-17,281782
1001002078,PER00725,Axis Bank,Savings,2025-03-05,256457
1001002079,PER00726,Axis Bank,Savings,2011-05-30,617288
1001002080,PER00726,HDFC Bank,Savings,2021-08-30,197361
1001002081,PER00727,Axis Bank,Savings,2024-11-15,919510
1001002082,PER00728,ICICI Bank,Savings,2012-12-08,44293
1001002083,PER00729,Axis Bank,Savings,2014-10-22,187824
1001002084,PER00730,ICICI Bank,Savings,2012-04-04,114658
1001002085,PER00730,HDFC Bank,Savings,2018-04-04,124140
1001002086,PER00731,Kotak Mahindra Bank,Savings,2015-05-21,217647
1001002087,PER00732,SBI,Savings,2011-08-17,125067
1001002088,PER00733,ICICI Bank,Savings,2019-11-27,163540
1001002089,PER00733,Kotak Mahindra Bank,Savings,2016-08-25,60405
1001002090,PER00734,ICICI Bank,Savings,2022-10-14,181728
1001002091,PER00735,Kotak Mahindra Bank,Savings,2017-03-31,52879
1001002092,PER00736,ICICI Bank,Savings,2021-09-10,153207
1001002093,PER00736,Axis Bank,Savings,2022-03-24,149398
1001002094,PER00737,Axis Bank,Savings,2018-08-24,169307
1001002095,PER00737,HDFC Bank,Savings,2011-07-04,134093
1001002096,PER00738,HDFC Bank,Savings,2014-09-03,267271
1001002097,PER00739,HDFC Bank,Savings,2014-07-26,110723
1001002098,PER00740,SBI,Savings,2018-11-16,820945
1001002099,PER00740,Kotak Mahindra Bank,Savings,2025-01-03,325135
1001002100,PER00741,Axis Bank,Savings,2025-04-15,191114
1001002101,PER00742,SBI,Savings,2011-10-04,143613
1001002102,PER00742,Kotak Mahindra Bank,Savings,2024-10-30,98682
1001002103,PER00743,Kotak Mahindra Bank,Savings,2012-01-29,69127
1001002104,PER00743,Kotak Mahindra Bank,Savings,2015-11-08,147898
1001002105,PER00744,Axis Bank,Savings,2011-02-15,170825
1001002106,PER00745,Kotak Mahindra Bank,Savings,2019-05-11,333208
1001002107,PER00746,ICICI Bank,Savings,2025-06-05,136313
1001002108,PER00747,Kotak Mahindra Bank,Savings,2012-02-06,51923
1001002109,PER00748,SBI,Savings,2024-04-13,145051
1001002110,PER00749,ICICI Bank,Savings,2015-03-13,221316
1001002111,PER00749,ICICI Bank,Savings,2016-03-17,201316
1001002112,PER00750,SBI,Savings,2018-04-14,157464
1001002113,PER00750,Kotak Mahindra Bank,Savings,2024-06-22,200146
1001002114,PER00751,SBI,Savings,2017-08-02,206409
1001002115,PER00752,ICICI Bank,Savings,2025-04-16,79163
1001002116,PER00753,ICICI Bank,Savings,2015-11-18,543305
1001002117,PER00754,ICICI Bank,Savings,2020-10-12,493026
1001002118,PER00754,HDFC Bank,Savings,2016-12-08,243755
1001002119,PER00755,Kotak Mahindra Bank,Savings,2019-11-30,0
1001002120,PER00755,Axis Bank,Savings,2017-06-22,0
1001002121,PER00756,HDFC Bank,Savings,2020-03-22,313206
1001002122,PER00756,Kotak Mahindra Bank,Savings,2025-11-05,300384
1001002123,PER00757,HDFC Bank,Savings,2016-07-10,109089
1001002124,PER00757,HDFC Bank,Savings,2019-03-16,98955
1001002125,PER00758,HDFC Bank,Savings,2020-09-02,46689
1001002126,PER00758,Kotak Mahindra Bank,Savings,2012-12-20,41355
1001002127,PER00759,SBI,Savings,2012-04-07,786866
1001002128,PER00759,Kotak Mahindra Bank,Savings,2011-05-27,382653
1001002129,PER00760,HDFC Bank,Savings,2025-05-04,180130
1001002130,PER00761,HDFC Bank,Savings,2016-02-09,100398
1001002131,PER00762,SBI,Savings,2016-01-27,161635
1001002132,PER00763,HDFC Bank,Savings,2024-10-14,130806
1001002133,PER00763,Axis Bank,Savings,2011-03-13,33131
1001002134,PER00764,Axis Bank,Savings,2021-06-01,315497
1001002135,PER00765,Kotak Mahindra Bank,Savings,2014-05-16,82853
1001002136,PER00766,Axis Bank,Savings,2022-11-08,64397
1001002137,PER00766,Kotak Mahindra Bank,Savings,2012-10-20,115054
1001002138,PER00767,Kotak Mahindra Bank,Savings,2023-01-11,142403
1001002139,PER00768,HDFC Bank,Savings,2017-12-23,152505
1001002140,PER00769,HDFC Bank,Savings,2017-02-11,27218
1001002141,PER00769,SBI,Savings,2019-10-18,30981
1001002142,PER00770,Axis Bank,Savings,2011-11-06,149908
1001002143,PER00770,Axis Bank,Savings,2015-06-04,139111
1001002144,PER00771,ICICI Bank,Savings,2020-04-28,65793
1001002145,PER00772,Kotak Mahindra Bank,Savings,2016-11-16,95655
1001002146,PER00773,Kotak Mahindra Bank,Savings,2014-09-24,162869
1001002147,PER00774,ICICI Bank,Savings,2022-02-28,0
1001002148,PER00774,ICICI Bank,Savings,2015-02-25,0
1001002149,PER00775,Axis Bank,Savings,2023-07-06,172183
1001002150,PER00775,Axis Bank,Savings,2024-03-27,146391
1001002151,PER00776,HDFC Bank,Savings,2025-12-03,109942
1001002152,PER00776,Axis Bank,Savings,2016-05-24,55624
1001002153,PER00777,Kotak Mahindra Bank,Savings,2013-10-27,396808
1001002154,PER00778,Kotak Mahindra Bank,Savings,2013-04-03,150567
1001002155,PER00779,Axis Bank,Savings,2026-01-28,142384
1001002156,PER00780,Axis Bank,Savings,2014-03-03,27307
1001002157,PER00780,Kotak Mahindra Bank,Savings,2017-02-05,111287
1001002158,PER00781,Kotak Mahindra Bank,Savings,2016-06-19,167714
1001002159,PER00782,ICICI Bank,Savings,2025-04-09,26993
1001002160,PER00783,SBI,Savings,2012-12-04,318020
1001002161,PER00784,Axis Bank,Savings,2023-10-17,170842
1001002162,PER00784,HDFC Bank,Savings,2025-01-26,106366
1001002163,PER00785,SBI,Savings,2013-01-22,162072
1001002164,PER00786,ICICI Bank,Savings,2017-08-06,80014
1001002165,PER00787,Kotak Mahindra Bank,Savings,2023-04-13,42401
1001002166,PER00787,HDFC Bank,Savings,2019-03-03,154065
1001002167,PER00788,Axis Bank,Savings,2013-03-28,295436
1001002168,PER00788,SBI,Savings,2020-10-07,184410
1001002169,PER00789,Axis Bank,Savings,2014-05-11,110126
1001002170,PER00789,Kotak Mahindra Bank,Savings,2025-06-09,113289
1001002171,PER00790,ICICI Bank,Savings,2025-08-11,133649
1001002172,PER00791,HDFC Bank,Savings,2021-11-18,48832
1001002173,PER00791,HDFC Bank,Savings,2020-08-17,192050
1001002174,PER00792,ICICI Bank,Savings,2012-07-30,109468
1001002175,PER00793,ICICI Bank,Savings,2018-02-06,133423
1001002176,PER00794,ICICI Bank,Savings,2019-09-21,185306
1001002177,PER00795,SBI,Savings,2020-07-03,103224
1001002178,PER00796,HDFC Bank,Savings,2024-05-16,217480
1001002179,PER00797,Axis Bank,Savings,2014-05-03,296657
1001002180,PER00797,SBI,Savings,2025-03-16,513937
1001002181,PER00798,Axis Bank,Savings,2023-08-28,144011
1001002182,PER00798,Kotak Mahindra Bank,Savings,2023-11-19,205652
1001002183,PER00799,ICICI Bank,Savings,2016-08-03,293458
1001002184,PER00799,SBI,Savings,2013-05-24,812523
1001002185,PER00800,SBI,Savings,2023-07-07,107294
1001002186,PER00800,SBI,Savings,2020-03-02,148477
1001002187,PER00801,Axis Bank,Savings,2024-02-01,325348
1001002188,PER00801,SBI,Savings,2017-01-27,370750
1001002189,PER00802,Kotak Mahindra Bank,Savings,2020-06-23,164916
1001002190,PER00803,ICICI Bank,Savings,2018-01-18,267059
1001002191,PER00804,Kotak Mahindra Bank,Savings,2014-07-09,117766
1001002192,PER00805,ICICI Bank,Savings,2017-03-19,58363
1001002193,PER00805,SBI,Savings,2012-06-26,158989
1001002194,PER00806,ICICI Bank,Savings,2012-10-14,124361
1001002195,PER00807,HDFC Bank,Savings,2014-01-13,40789
1001002196,PER00807,Axis Bank,Savings,2016-07-18,295595
1001002197,PER00808,ICICI Bank,Savings,2016-06-22,117447
1001002198,PER00809,Axis Bank,Savings,2013-01-07,43905
1001002199,PER00809,Axis Bank,Savings,2014-03-12,217956
1001002200,PER00810,Axis Bank,Savings,2016-12-05,129559
1001002201,PER00810,Axis Bank,Savings,2011-06-28,214003
1001002202,PER00811,HDFC Bank,Savings,2025-05-02,116664
1001002203,PER00811,ICICI Bank,Savings,2020-09-06,372015
1001002204,PER00812,ICICI Bank,Savings,2019-01-12,0
1001002205,PER00812,HDFC Bank,Savings,2024-02-14,0
1001002206,PER00813,ICICI Bank,Savings,2017-06-16,0
1001002207,PER00813,Axis Bank,Savings,2023-02-13,0
1001002208,PER00814,Axis Bank,Savings,2014-09-01,174445
1001002209,PER00814,SBI,Savings,2012-12-13,26514
1001002210,PER00815,SBI,Savings,2024-10-07,374834
1001002211,PER00816,Kotak Mahindra Bank,Savings,2012-04-19,97142
1001002212,PER00817,ICICI Bank,Savings,2019-04-25,17555
1001002213,PER00818,Axis Bank,Savings,2015-11-19,90422
1001002214,PER00818,Axis Bank,Savings,2017-06-29,142176
1001002215,PER00819,ICICI Bank,Savings,2017-02-27,242479
1001002216,PER00819,SBI,Savings,2012-08-10,56113
1001002217,PER00820,SBI,Savings,2020-01-09,34746
1001002218,PER00820,ICICI Bank,Savings,2018-10-21,20420
1001002219,PER00821,HDFC Bank,Savings,2017-01-21,204803
1001002220,PER00821,HDFC Bank,Savings,2021-03-29,258375
1001002221,PER00822,Axis Bank,Savings,2022-10-11,58177
1001002222,PER00822,SBI,Savings,2015-03-08,107621
1001002223,PER00823,ICICI Bank,Savings,2014-09-14,126981
1001002224,PER00824,Axis Bank,Savings,2015-02-02,316692
1001002225,PER00824,HDFC Bank,Savings,2019-10-01,309692
1001002226,PER00825,Kotak Mahindra Bank,Savings,2025-03-18,177921
1001002227,PER00825,Kotak Mahindra Bank,Savings,2020-11-17,213308
1001002228,PER00826,Kotak Mahindra Bank,Savings,2024-01-11,139988
1001002229,PER00826,SBI,Savings,2015-06-20,160717
1001002230,PER00827,Axis Bank,Savings,2023-03-11,253631
1001002231,PER00828,SBI,Savings,2012-11-27,137421
1001002232,PER00829,SBI,Savings,2014-05-02,76647
1001002233,PER00829,HDFC Bank,Savings,2023-02-09,173325
1001002234,PER00830,HDFC Bank,Savings,2011-03-12,43442
1001002235,PER00831,Axis Bank,Savings,2012-12-18,72529
1001002236,PER00831,SBI,Savings,2012-04-22,170843
1001002237,PER00832,HDFC Bank,Savings,2015-07-05,101578
1001002238,PER00832,ICICI Bank,Savings,2013-10-29,233683
1001002239,PER00833,ICICI Bank,Savings,2025-05-21,326245
1001002240,PER00834,Kotak Mahindra Bank,Savings,2020-02-21,28197
1001002241,PER00834,ICICI Bank,Savings,2011-10-23,134666
1001002242,PER00835,Axis Bank,Savings,2016-04-22,174025
1001002243,PER00835,ICICI Bank,Savings,2023-04-05,227375
1001002244,PER00836,SBI,Savings,2023-11-05,95256
1001002245,PER00836,Kotak Mahindra Bank,Savings,2022-10-05,575102
1001002246,PER00837,SBI,Savings,2017-03-05,76171
1001002247,PER00838,Axis Bank,Savings,2019-09-30,38921
1001002248,PER00838,HDFC Bank,Savings,2013-02-22,42978
1001002249,PER00839,Axis Bank,Savings,2012-06-23,77658
1001002250,PER00840,SBI,Savings,2015-09-12,55052
1001002251,PER00840,HDFC Bank,Savings,2024-04-04,52332
1001002252,PER00841,HDFC Bank,Savings,2013-03-08,114369
1001002253,PER00841,Kotak Mahindra Bank,Savings,2025-04-07,146473
1001002254,PER00842,HDFC Bank,Savings,2024-02-05,310864
1001002255,PER00842,ICICI Bank,Savings,2024-05-20,209941
1001002256,PER00843,ICICI Bank,Savings,2025-09-18,121451
1001002257,PER00843,SBI,Savings,2020-06-17,240469
1001002258,PER00844,SBI,Savings,2023-07-10,156600
1001002259,PER00844,ICICI Bank,Savings,2019-08-28,114193
1001002260,PER00845,HDFC Bank,Savings,2016-04-24,24284
1001002261,PER00846,SBI,Savings,2019-02-05,258336
1001002262,PER00846,Kotak Mahindra Bank,Savings,2016-12-21,248845
1001002263,PER00847,Axis Bank,Savings,2019-06-30,197348
1001002264,PER00848,SBI,Savings,2020-10-16,202081
1001002265,PER00848,Axis Bank,Savings,2016-03-17,230809
1001002266,PER00849,HDFC Bank,Savings,2024-09-23,45982
1001002267,PER00850,ICICI Bank,Savings,2020-05-18,116066
1001002268,PER00850,ICICI Bank,Savings,2024-11-11,204154
1001002269,PER00851,Kotak Mahindra Bank,Savings,2018-11-19,148500
1001002270,PER00852,HDFC Bank,Savings,2012-09-14,48059
1001002271,PER00852,Kotak Mahindra Bank,Savings,2024-09-11,158354
1001002272,PER00853,Kotak Mahindra Bank,Savings,2016-10-09,22326
1001002273,PER00854,ICICI Bank,Savings,2011-11-05,58472
1001002274,PER00855,Kotak Mahindra Bank,Savings,2019-07-03,155950
1001002275,PER00856,ICICI Bank,Savings,2019-08-03,87834
1001002276,PER00856,Kotak Mahindra Bank,Savings,2017-08-20,223619
1001002277,PER00857,ICICI Bank,Savings,2017-08-24,133290
1001002278,PER00858,Axis Bank,Savings,2017-06-07,293307
1001002279,PER00859,Axis Bank,Savings,2023-07-02,75357
1001002280,PER00860,SBI,Savings,2022-04-01,61164
1001002281,PER00861,HDFC Bank,Savings,2021-03-03,552916
1001002282,PER00862,SBI,Savings,2013-08-21,135868
1001002283,PER00863,SBI,Savings,2013-02-07,0
1001002284,PER00864,Kotak Mahindra Bank,Savings,2012-08-05,519530
1001002285,PER00865,Axis Bank,Savings,2017-01-30,68670
1001002286,PER00865,HDFC Bank,Savings,2023-04-24,67359
1001002287,PER00866,Kotak Mahindra Bank,Savings,2023-07-24,162534
1001002288,PER00867,Axis Bank,Savings,2018-01-24,115200
1001002289,PER00868,Kotak Mahindra Bank,Savings,2019-11-15,135753
1001002290,PER00869,Axis Bank,Savings,2012-08-18,190403
1001002291,PER00869,Kotak Mahindra Bank,Savings,2016-03-30,285226
1001002292,PER00870,Kotak Mahindra Bank,Savings,2016-07-20,195835
1001002293,PER00870,HDFC Bank,Savings,2016-09-26,90862
1001002294,PER00871,SBI,Savings,2012-07-11,62509
1001002295,PER00872,Axis Bank,Savings,2024-09-30,216222
1001002296,PER00873,Kotak Mahindra Bank,Savings,2019-04-04,194875
1001002297,PER00874,HDFC Bank,Savings,2018-05-11,66298
1001002298,PER00875,HDFC Bank,Savings,2011-02-28,201907
1001002299,PER00876,SBI,Savings,2015-04-01,172440
1001002300,PER00877,SBI,Savings,2016-10-11,50229
1001002301,PER00877,HDFC Bank,Savings,2024-07-26,62037
1001002302,PER00878,ICICI Bank,Savings,2022-02-06,26773
1001002303,PER00879,HDFC Bank,Savings,2023-01-01,84142
1001002304,PER00879,ICICI Bank,Savings,2020-11-01,145595
1001002305,PER00880,ICICI Bank,Savings,2012-10-10,172484
1001002306,PER00880,ICICI Bank,Savings,2019-05-01,115730
1001002307,PER00881,HDFC Bank,Savings,2025-10-19,138737
1001002308,PER00881,ICICI Bank,Savings,2018-02-14,156015
1001002309,PER00882,HDFC Bank,Savings,2016-03-26,106440
1001002310,PER00882,HDFC Bank,Savings,2015-01-01,92019
1001002311,PER00883,SBI,Savings,2021-03-27,97022
1001002312,PER00884,HDFC Bank,Savings,2023-02-25,179432
1001002313,PER00885,SBI,Savings,2022-06-05,36138
1001002314,PER00885,HDFC Bank,Savings,2020-12-31,120036
1001002315,PER00886,Axis Bank,Savings,2019-01-03,136867
1001002316,PER00886,ICICI Bank,Savings,2020-06-29,173565
1001002317,PER00887,HDFC Bank,Savings,2023-05-14,936980
1001002318,PER00888,HDFC Bank,Savings,2012-03-15,106491
1001002319,PER00889,Axis Bank,Savings,2018-03-10,174122
1001002320,PER00889,SBI,Savings,2016-08-06,98414
1001002321,PER00890,Axis Bank,Savings,2012-02-02,187285
1001002322,PER00891,Axis Bank,Savings,2023-05-30,109797
1001002323,PER00892,Axis Bank,Savings,2023-03-30,970286
1001002324,PER00892,SBI,Savings,2023-02-05,348235
1001002325,PER00893,Axis Bank,Savings,2013-06-23,43059
1001002326,PER00893,SBI,Savings,2012-08-12,95077
1001002327,PER00894,HDFC Bank,Savings,2014-06-24,381175
1001002328,PER00894,Kotak Mahindra Bank,Savings,2022-08-31,275145
1001002329,PER00895,Kotak Mahindra Bank,Savings,2020-09-04,226071
1001002330,PER00896,Axis Bank,Savings,2013-10-13,61348
1001002331,PER00896,ICICI Bank,Savings,2022-02-14,35031
1001002332,PER00897,Axis Bank,Savings,2023-04-23,170388
1001002333,PER00897,SBI,Savings,2019-11-20,55445
1001002334,PER00898,SBI,Savings,2018-12-16,36650
1001002335,PER00898,SBI,Savings,2013-03-21,178866
1001002336,PER00899,Axis Bank,Savings,2019-10-23,83486
1001002337,PER00899,ICICI Bank,Savings,2015-04-26,260300
1001002338,PER00900,SBI,Savings,2011-04-24,395747
1001002339,PER00900,Axis Bank,Savings,2024-12-16,206916
1001002340,PER00901,HDFC Bank,Savings,2013-11-04,53306
1001002341,PER00902,Axis Bank,Savings,2016-07-22,40692
1001002342,PER00902,SBI,Savings,2017-10-03,42097
1001002343,PER00903,Kotak Mahindra Bank,Savings,2024-11-04,126451
1001002344,PER00903,Axis Bank,Savings,2018-04-03,221883
1001002345,PER00904,Axis Bank,Savings,2019-11-22,193568
1001002346,PER00905,HDFC Bank,Savings,2014-05-30,223748
1001002347,PER00905,Axis Bank,Savings,2025-10-18,52290
1001002348,PER00906,HDFC Bank,Savings,2020-04-19,0
1001002349,PER00907,SBI,Savings,2021-10-20,395079
1001002350,PER00908,HDFC Bank,Savings,2020-04-10,245395
1001002351,PER00909,Axis Bank,Savings,2011-10-13,62782
1001002352,PER00910,ICICI Bank,Savings,2024-11-08,70285
1001002353,PER00910,Axis Bank,Savings,2020-01-03,125948
1001002354,PER00911,HDFC Bank,Savings,2016-10-18,257155
1001002355,PER00912,Axis Bank,Savings,2023-05-04,62193
1001002356,PER00912,ICICI Bank,Savings,2019-02-28,62490
1001002357,PER00913,Axis Bank,Savings,2024-02-19,130787
1001002358,PER00913,SBI,Savings,2016-04-26,233035
1001002359,PER00914,Kotak Mahindra Bank,Savings,2012-04-02,68162
1001002360,PER00915,ICICI Bank,Savings,2012-01-20,64765
1001002361,PER00916,Axis Bank,Savings,2019-01-04,134829
1001002362,PER00916,ICICI Bank,Savings,2020-03-29,218877
1001002363,PER00917,HDFC Bank,Savings,2018-05-21,206307
1001002364,PER00918,SBI,Savings,2022-04-02,173145
1001002365,PER00918,SBI,Savings,2025-01-02,87877
1001002366,PER00919,Kotak Mahindra Bank,Savings,2012-11-24,44216
1001002367,PER00919,ICICI Bank,Savings,2018-05-14,245433
1001002368,PER00920,SBI,Savings,2018-01-21,255126
1001002369,PER00920,HDFC Bank,Savings,2011-03-12,66935
1001002370,PER00921,ICICI Bank,Savings,2024-02-26,309768
1001002371,PER00921,ICICI Bank,Savings,2016-10-11,68866
1001002372,PER00922,Axis Bank,Savings,2016-05-21,105652
1001002373,PER00923,HDFC Bank,Savings,2021-11-01,254279
1001002374,PER00923,ICICI Bank,Savings,2018-11-21,75970
1001002375,PER00924,Kotak Mahindra Bank,Savings,2024-11-28,210444
1001002376,PER00925,ICICI Bank,Savings,2016-05-17,142988
1001002377,PER00925,Axis Bank,Savings,2023-09-07,139413
1001002378,PER00926,HDFC Bank,Savings,2012-06-07,123547
1001002379,PER00926,Kotak Mahindra Bank,Savings,2015-02-09,87713
1001002380,PER00927,ICICI Bank,Savings,2012-04-15,164253
1001002381,PER00928,Axis Bank,Savings,2015-11-26,217049
1001002382,PER00928,Axis Bank,Savings,2023-11-24,28780
1001002383,PER00929,Kotak Mahindra Bank,Savings,2024-01-16,44610
1001002384,PER00929,HDFC Bank,Savings,2014-04-27,75541
1001002385,PER00930,Kotak Mahindra Bank,Savings,2020-04-04,139928
1001002386,PER00930,HDFC Bank,Savings,2024-06-18,100971
1001002387,PER00931,ICICI Bank,Savings,2025-03-22,218704
1001002388,PER00931,ICICI Bank,Savings,2024-04-14,255636
1001002389,PER00932,SBI,Savings,2013-09-18,155387
1001002390,PER00933,ICICI Bank,Savings,2013-03-14,132815
1001002391,PER00934,Axis Bank,Savings,2021-05-15,38586
1001002392,PER00935,ICICI Bank,Savings,2017-06-17,90877
1001002393,PER00935,Axis Bank,Savings,2019-10-21,172431
1001002394,PER00936,Axis Bank,Savings,2019-01-05,88776
1001002395,PER00936,SBI,Savings,2023-12-03,92763
1001002396,PER00937,Kotak Mahindra Bank,Savings,2020-01-29,154378
1001002397,PER00937,ICICI Bank,Savings,2015-05-13,141012
1001002398,PER00938,Axis Bank,Savings,2013-07-20,263871
1001002399,PER00938,SBI,Savings,2013-07-03,593638
1001002400,PER00939,Kotak Mahindra Bank,Savings,2011-06-18,71724
1001002401,PER00940,Kotak Mahindra Bank,Savings,2019-07-10,93046
1001002402,PER00941,Axis Bank,Savings,2018-09-03,70917
1001002403,PER00941,ICICI Bank,Savings,2017-05-23,34672
1001002404,PER00942,SBI,Savings,2020-05-23,61731
1001002405,PER00943,SBI,Savings,2015-09-03,101236
1001002406,PER00943,ICICI Bank,Savings,2019-04-06,27851
1001002407,PER00944,HDFC Bank,Savings,2022-07-23,177287
1001002408,PER00944,Kotak Mahindra Bank,Savings,2013-03-04,35262
1001002409,PER00945,SBI,Savings,2026-01-19,74785
1001002410,PER00946,ICICI Bank,Savings,2020-01-01,133854
1001002411,PER00947,Axis Bank,Savings,2022-05-14,328807
1001002412,PER00947,ICICI Bank,Savings,2025-07-09,382344
1001002413,PER00948,HDFC Bank,Savings,2016-12-28,181590
1001002414,PER00949,HDFC Bank,Savings,2012-09-20,139447
1001002415,PER00949,Kotak Mahindra Bank,Savings,2023-12-31,189514
1001002416,PER00950,Axis Bank,Savings,2024-03-01,53083
1001002417,PER00951,HDFC Bank,Savings,2020-08-28,694843
1001002418,PER00952,Axis Bank,Savings,2011-11-07,372144
1001002419,PER00953,HDFC Bank,Savings,2011-11-04,100735
1001002420,PER00954,SBI,Savings,2026-01-02,613820
1001002421,PER00955,Kotak Mahindra Bank,Savings,2021-11-24,302181
1001002422,PER00956,Kotak Mahindra Bank,Savings,2019-06-09,233107
1001002423,PER00957,SBI,Savings,2014-08-07,116393
1001002424,PER00957,Axis Bank,Savings,2018-01-11,131456
1001002425,PER00958,ICICI Bank,Savings,2023-09-03,168276
1001002426,PER00959,HDFC Bank,Savings,2015-01-12,294930
1001002427,PER00959,SBI,Savings,2023-04-14,155433
1001002428,PER00960,ICICI Bank,Savings,2025-03-31,207525
1001002429,PER00961,HDFC Bank,Savings,2022-09-01,98800
1001002430,PER00961,ICICI Bank,Savings,2012-02-06,183815
1001002431,PER00962,ICICI Bank,Savings,2024-08-10,209133
1001002432,PER00962,SBI,Savings,2012-08-11,97457
1001002433,PER00963,SBI,Savings,2014-01-26,520023
1001002434,PER00964,SBI,Savings,2018-07-28,231914
1001002435,PER00964,HDFC Bank,Savings,2011-04-16,190473
1001002436,PER00965,ICICI Bank,Savings,2019-09-18,99476
1001002437,PER00966,HDFC Bank,Savings,2017-02-12,285052
1001002438,PER00967,ICICI Bank,Savings,2013-03-31,94233
1001002439,PER00967,HDFC Bank,Savings,2025-12-15,102838
1001002440,PER00968,ICICI Bank,Savings,2022-10-26,100748
1001002441,PER00969,Kotak Mahindra Bank,Savings,2020-01-26,120579
1001002442,PER00969,ICICI Bank,Savings,2025-02-11,94335
1001002443,PER00970,Kotak Mahindra Bank,Savings,2019-09-22,87509
1001002444,PER00970,SBI,Savings,2013-10-15,74515
1001002445,PER00971,HDFC Bank,Savings,2020-08-28,198522
1001002446,PER00972,HDFC Bank,Savings,2014-09-29,87989
1001002447,PER00972,HDFC Bank,Savings,2019-02-10,141645
1001002448,PER00973,HDFC Bank,Savings,2023-02-07,195491
1001002449,PER00974,HDFC Bank,Savings,2014-12-23,0
1001002450,PER00974,SBI,Savings,2017-04-05,0
1001002451,PER00975,SBI,Savings,2015-06-24,115470
1001002452,PER00976,ICICI Bank,Savings,2014-10-12,207568
1001002453,PER00976,HDFC Bank,Savings,2021-03-04,161391
1001002454,PER00977,Axis Bank,Savings,2016-06-02,88045
1001002455,PER00977,SBI,Savings,2022-07-14,89910
1001002456,PER00978,HDFC Bank,Savings,2016-03-10,128720
1001002457,PER00979,Kotak Mahindra Bank,Savings,2012-03-04,77338
1001002458,PER00980,Kotak Mahindra Bank,Savings,2016-09-10,145337
1001002459,PER00980,HDFC Bank,Savings,2017-02-10,239027
1001002460,PER00981,ICICI Bank,Savings,2018-04-20,369465
1001002461,PER00981,HDFC Bank,Savings,2016-05-19,937042
1001002462,PER00982,SBI,Savings,2018-06-13,77947
1001002463,PER00983,Kotak Mahindra Bank,Savings,2013-10-12,72616
1001002464,PER00984,SBI,Savings,2018-02-08,215920
1001002465,PER00985,SBI,Savings,2016-06-11,23260
1001002466,PER00986,Axis Bank,Savings,2020-11-28,30965
1001002467,PER00987,Axis Bank,Savings,2018-03-31,485887
1001002468,PER00987,Axis Bank,Savings,2019-11-10,885052
1001002469,PER00988,Axis Bank,Savings,2025-08-01,243076
1001002470,PER00988,ICICI Bank,Savings,2012-09-21,103676
1001002471,PER00989,Axis Bank,Savings,2020-07-17,226817
1001002472,PER00990,SBI,Savings,2012-09-03,91688
1001002473,PER00990,ICICI Bank,Savings,2019-01-10,169129
1001002474,PER00991,Axis Bank,Savings,2012-02-25,0
1001002475,PER00992,SBI,Savings,2019-03-09,0
1001002476,PER00992,Axis Bank,Savings,2022-09-01,0
1001002477,PER00993,Kotak Mahindra Bank,Savings,2022-02-11,38100
1001002478,PER00994,Axis Bank,Savings,2018-08-21,87877
1001002479,PER00995,ICICI Bank,Savings,2024-03-16,288995
1001002480,PER00996,ICICI Bank,Savings,2023-12-26,107784
1001002481,PER00997,Axis Bank,Savings,2024-05-06,97640
1001002482,PER00998,HDFC Bank,Savings,2023-07-01,119624
1001002483,PER00999,SBI,Savings,2025-09-05,72000
1001002484,PER00999,Axis Bank,Savings,2023-07-01,242452
1001002485,PER01000,ICICI Bank,Savings,2022-06-25,91212
1001002486,CIN00001,ICICI Bank,Current,2017-09-06,18524027
1001002487,CIN00001,IDFC First Bank,Current,2017-09-06,49583055
1001002488,CIN00001,IDFC First Bank,Current,2017-09-06,44711434
1001002489,CIN00002,HDFC Bank,Current,2026-01-31,1448555
1001002490,CIN00002,ICICI Bank,Current,2026-01-31,427587
1001002491,CIN00002,ICICI Bank,Current,2026-01-31,1032001
1001002492,CIN00003,IDFC First Bank,Current,2016-04-29,3342127
1001002493,CIN00003,HDFC Bank,Current,2016-04-29,23998906
1001002494,CIN00004,IDFC First Bank,Current,2020-10-18,23881536
1001002495,CIN00004,HDFC Bank,Current,2020-10-18,28431042
1001002496,CIN00005,HDFC Bank,Current,2024-01-25,56558988
1001002497,CIN00005,ICICI Bank,Current,2024-01-25,54956470
1001002498,CIN00006,HDFC Bank,Current,2019-06-03,25468999
1001002499,CIN00007,Yes Bank,Current,2018-11-13,10360192
1001002500,CIN00007,ICICI Bank,Current,2018-11-13,12057275
1001002501,CIN00008,IDFC First Bank,Current,2024-05-03,10407420
1001002502,CIN00008,ICICI Bank,Current,2024-05-03,30321755
1001002503,CIN00009,HDFC Bank,Current,2018-12-30,60393645
1001002504,CIN00009,Yes Bank,Current,2018-12-30,19049888
1001002505,CIN00009,Yes Bank,Current,2018-12-30,82618832
1001002506,CIN00010,ICICI Bank,Current,2017-01-06,30247439
1001002507,CIN00010,ICICI Bank,Current,2017-01-06,83225957
1001002508,CIN00010,Yes Bank,Current,2017-01-06,90770551
1001002509,CIN00011,HDFC Bank,Current,2024-04-21,38385352
1001002510,CIN00011,Yes Bank,Current,2024-04-21,63166498
1001002511,CIN00012,IDFC First Bank,Current,2024-03-07,79112933
1001002512,CIN00013,Yes Bank,Current,2018-10-31,25486141
1001002513,CIN00013,ICICI Bank,Current,2018-10-31,24443200
1001002514,CIN00013,Yes Bank,Current,2018-10-31,84277082
1001002515,CIN00014,Yes Bank,Current,2016-07-14,33981196
1001002516,CIN00015,ICICI Bank,Current,2018-02-03,4731203
1001002517,CIN00016,Yes Bank,Current,2025-02-22,36635289
1001002518,CIN00016,IDFC First Bank,Current,2025-02-22,43608038
1001002519,CIN00017,ICICI Bank,Current,2025-11-01,7504616
1001002520,CIN00018,IDFC First Bank,Current,2023-02-17,11857706
1001002521,CIN00018,Yes Bank,Current,2023-02-17,12946148
1001002522,CIN00019,IDFC First Bank,Current,2018-05-03,48248763
1001002523,CIN00019,HDFC Bank,Current,2018-05-03,7894996
1001002524,CIN00019,IDFC First Bank,Current,2018-05-03,48999318
1001002525,CIN00020,Yes Bank,Current,2022-12-11,1311794
1001002526,CIN00021,Yes Bank,Current,2021-01-11,42614685
1001002527,CIN00021,Yes Bank,Current,2021-01-11,38792682
1001002528,CIN00021,IDFC First Bank,Current,2021-01-11,81427226
1001002529,CIN00022,IDFC First Bank,Current,2017-01-24,18744619
1001002530,CIN00022,Yes Bank,Current,2017-01-24,33551893
1001002531,CIN00023,IDFC First Bank,Current,2018-06-21,21221534
1001002532,CIN00024,ICICI Bank,Current,2021-12-02,15268528
1001002533,CIN00024,Yes Bank,Current,2021-12-02,8519194
1001002534,CIN00025,ICICI Bank,Current,2025-09-20,35624831
1001002535,CIN00025,HDFC Bank,Current,2025-09-20,20967128
1001002536,CIN00026,HDFC Bank,Current,2023-01-06,3623000
1001002537,CIN00027,Yes Bank,Current,2020-05-31,17959006
1001002538,CIN00028,IDFC First Bank,Current,2024-10-31,61751556
1001002539,CIN00028,IDFC First Bank,Current,2024-10-31,13131480
1001002540,CIN00029,HDFC Bank,Current,2025-08-06,12856444
1001002541,CIN00029,Yes Bank,Current,2025-08-06,22391938
1001002542,CIN00029,IDFC First Bank,Current,2025-08-06,4451097
1001002543,CIN00030,IDFC First Bank,Current,2020-12-18,14015713
1001002544,CIN00030,HDFC Bank,Current,2020-12-18,14774241
1001002545,CIN00031,IDFC First Bank,Current,2022-02-06,82562134
1001002546,CIN00032,ICICI Bank,Current,2017-05-05,25975606
1001002547,CIN00032,IDFC First Bank,Current,2017-05-05,6764229
1001002548,CIN00033,HDFC Bank,Current,2022-09-18,64885892
1001002549,CIN00033,Yes Bank,Current,2022-09-18,15951402
1001002550,CIN00034,HDFC Bank,Current,2016-12-18,60753313
1001002551,CIN00034,HDFC Bank,Current,2016-12-18,9399463
1001002552,CIN00034,ICICI Bank,Current,2016-12-18,51999582
1001002553,CIN00035,HDFC Bank,Current,2022-11-24,2311892
1001002554,CIN00036,IDFC First Bank,Current,2020-03-12,41823440
1001002555,CIN00036,HDFC Bank,Current,2020-03-12,36196645
1001002556,CIN00037,ICICI Bank,Current,2026-01-31,360506
1001002557,CIN00038,ICICI Bank,Current,2024-06-06,28030517
1001002558,CIN00039,Yes Bank,Current,2020-12-09,1437088
1001002559,CIN00039,HDFC Bank,Current,2020-12-09,1287469
1001002560,CIN00039,Yes Bank,Current,2020-12-09,511563
1001002561,CIN00040,ICICI Bank,Current,2023-02-09,9443014
1001002562,CIN00040,Yes Bank,Current,2023-02-09,13334583
1001002563,CIN00041,Yes Bank,Current,2023-08-26,54324959
1001002564,CIN00041,HDFC Bank,Current,2023-08-26,14922056
1001002565,CIN00042,HDFC Bank,Current,2016-09-14,16566864
1001002566,CIN00042,IDFC First Bank,Current,2016-09-14,22628478
1001002567,CIN00042,IDFC First Bank,Current,2016-09-14,19000020
1001002568,CIN00043,ICICI Bank,Current,2020-02-20,17836048
1001002569,CIN00043,HDFC Bank,Current,2020-02-20,15458756
1001002570,CIN00043,Yes Bank,Current,2020-02-20,12769747
1001002571,CIN00044,ICICI Bank,Current,2025-11-04,31818000
1001002572,CIN00044,ICICI Bank,Current,2025-11-04,25876726
1001002573,CIN00045,Yes Bank,Current,2022-08-16,43925981
1001002574,CIN00045,ICICI Bank,Current,2022-08-16,16563202
1001002575,CIN00046,IDFC First Bank,Current,2023-07-08,28501584
1001002576,CIN00046,ICICI Bank,Current,2023-07-08,19423746
1001002577,CIN00047,IDFC First Bank,Current,2021-09-22,18258261
1001002578,CIN00047,HDFC Bank,Current,2021-09-22,42786523
1001002579,CIN00047,ICICI Bank,Current,2021-09-22,14240937
1001002580,CIN00048,Yes Bank,Current,2024-09-24,1445487
1001002581,CIN00049,Yes Bank,Current,2019-10-15,30232500
1001002582,CIN00049,ICICI Bank,Current,2019-10-15,12679479
1001002583,CIN00050,IDFC First Bank,Current,2022-01-03,71717907
1001002584,CIN00051,HDFC Bank,Current,2017-03-05,69075667
1001002585,CIN00052,HDFC Bank,Current,2025-04-03,53120742
1001002586,CIN00053,IDFC First Bank,Current,2019-07-08,8082448
1001002587,CIN00053,IDFC First Bank,Current,2019-07-08,65610575
1001002588,CIN00053,Yes Bank,Current,2019-07-08,86037086
1001002589,CIN00054,HDFC Bank,Current,2021-03-07,8222421
1001002590,CIN00054,IDFC First Bank,Current,2021-03-07,63030288
1001002591,CIN00054,HDFC Bank,Current,2021-03-07,38765633
1001002592,CIN00055,HDFC Bank,Current,2025-08-28,50106028
1001002593,CIN00056,ICICI Bank,Current,2022-03-31,76078902
1001002594,CIN00056,IDFC First Bank,Current,2022-03-31,65211560
1001002595,CIN00057,HDFC Bank,Current,2023-09-23,48371329
1001002596,CIN00058,IDFC First Bank,Current,2023-08-10,24863148
1001002597,CIN00058,IDFC First Bank,Current,2023-08-10,2611197
1001002598,CIN00059,HDFC Bank,Current,2021-12-06,25869481
1001002599,CIN00060,Yes Bank,Current,2023-01-28,46468575
1001002600,CIN00060,ICICI Bank,Current,2023-01-28,37797944
1001002601,CIN00061,HDFC Bank,Current,2016-04-13,21935721
1001002602,CIN00062,ICICI Bank,Current,2021-03-31,17831488
1001002603,CIN00063,IDFC First Bank,Current,2016-06-15,29259141
1001002604,CIN00064,Yes Bank,Current,2026-01-31,567037
1001002605,CIN00064,Yes Bank,Current,2026-01-31,1370162
1001002606,CIN00065,IDFC First Bank,Current,2025-12-01,3283463
1001002607,CIN00066,HDFC Bank,Current,2016-02-04,9014103
1001002608,CIN00066,IDFC First Bank,Current,2016-02-04,10407620
1001002609,CIN00066,Yes Bank,Current,2016-02-04,5684014
1001002610,CIN00067,IDFC First Bank,Current,2021-06-01,26326873
1001002611,CIN00068,Yes Bank,Current,2018-04-21,6394505
1001002612,CIN00068,IDFC First Bank,Current,2018-04-21,10343934
1001002613,CIN00069,Yes Bank,Current,2018-07-05,2110643
1001002614,CIN00069,ICICI Bank,Current,2018-07-05,405040
1001002615,CIN00070,IDFC First Bank,Current,2022-10-07,21638780
1001002616,CIN00070,IDFC First Bank,Current,2022-10-07,85045911
1001002617,CIN00071,Yes Bank,Current,2019-06-06,53269044
1001002618,CIN00071,IDFC First Bank,Current,2019-06-06,35765555
1001002619,CIN00071,IDFC First Bank,Current,2019-06-06,34853889
1001002620,CIN00072,HDFC Bank,Current,2020-02-14,1425336
1001002621,CIN00072,ICICI Bank,Current,2020-02-14,150112
1001002622,CIN00073,HDFC Bank,Current,2024-09-23,51375458
1001002623,CIN00073,HDFC Bank,Current,2024-09-23,13076527
1001002624,CIN00074,HDFC Bank,Current,2020-04-25,6457404
1001002625,CIN00075,IDFC First Bank,Current,2023-07-17,65311354
1001002626,CIN00075,ICICI Bank,Current,2023-07-17,34684088
1001002627,CIN00076,IDFC First Bank,Current,2026-01-31,1153439
1001002628,CIN00076,HDFC Bank,Current,2026-01-31,2520285
1001002629,CIN00076,IDFC First Bank,Current,2026-01-31,969963
1001002630,CIN00077,Yes Bank,Current,2024-05-07,42388737
1001002631,CIN00078,HDFC Bank,Current,2019-02-25,1184541
1001002632,CIN00079,HDFC Bank,Current,2026-01-31,1980113
1001002633,CIN00080,HDFC Bank,Current,2026-01-31,414935
1001002634,CIN00080,HDFC Bank,Current,2026-01-31,2590622
1001002635,CIN00080,Yes Bank,Current,2026-01-31,1936370
1001002636,CIN00081,Yes Bank,Current,2016-09-11,1186508
1001002637,CIN00082,ICICI Bank,Current,2017-05-25,37007529
1001002638,CIN00083,HDFC Bank,Current,2020-11-18,7203152
1001002639,CIN00084,HDFC Bank,Current,2022-02-19,6232729
1001002640,CIN00084,Yes Bank,Current,2022-02-19,2130761
1001002641,CIN00084,IDFC First Bank,Current,2022-02-19,3081296
1001002642,CIN00085,Yes Bank,Current,2024-08-12,79976906
1001002643,CIN00085,IDFC First Bank,Current,2024-08-12,55571879
1001002644,CIN00086,ICICI Bank,Current,2025-12-29,6668590
1001002645,CIN00086,Yes Bank,Current,2025-12-29,2019152
1001002646,CIN00086,IDFC First Bank,Current,2025-12-29,8485785
1001002647,CIN00087,HDFC Bank,Current,2017-02-17,84071978
1001002648,CIN00088,IDFC First Bank,Current,2025-11-30,7549432
1001002649,CIN00088,ICICI Bank,Current,2025-11-30,19118000
1001002650,CIN00089,IDFC First Bank,Current,2023-03-17,9014811
1001002651,CIN00090,ICICI Bank,Current,2026-01-31,1427291
1001002652,CIN00091,ICICI Bank,Current,2025-06-03,42046107
1001002653,CIN00092,ICICI Bank,Current,2019-12-03,61543227
1001002654,CIN00092,IDFC First Bank,Current,2019-12-03,22957032
1001002655,CIN00093,Yes Bank,Current,2020-03-19,12265210
1001002656,CIN00093,HDFC Bank,Current,2020-03-19,2917944
1001002657,CIN00094,ICICI Bank,Current,2026-01-31,932397
1001002658,CIN00094,Yes Bank,Current,2026-01-31,2147891
1001002659,CIN00095,Yes Bank,Current,2016-12-19,45796427
1001002660,CIN00095,IDFC First Bank,Current,2016-12-19,27316274
1001002661,CIN00095,Yes Bank,Current,2016-12-19,45879874
1001002662,CIN00096,ICICI Bank,Current,2018-02-11,57275677
1001002663,CIN00096,ICICI Bank,Current,2018-02-11,45139529
1001002664,CIN00097,Yes Bank,Current,2019-02-09,41029202
1001002665,CIN00097,IDFC First Bank,Current,2019-02-09,44506247
1001002666,CIN00098,ICICI Bank,Current,2017-10-03,62679235
1001002667,CIN00099,Yes Bank,Current,2020-08-27,62722307
1001002668,CIN00100,ICICI Bank,Current,2025-07-28,4766436
1001002669,CIN00100,HDFC Bank,Current,2025-07-28,3092310
1001002670,CIN00100,HDFC Bank,Current,2025-07-28,5886730
1001002671,CIN00101,IDFC First Bank,Current,2020-04-01,4037719
1001002672,CIN00101,Yes Bank,Current,2020-04-01,3473645
1001002673,CIN00102,HDFC Bank,Current,2022-07-19,36854921
1001002674,CIN00102,HDFC Bank,Current,2022-07-19,80285656
1001002675,CIN00103,IDFC First Bank,Current,2022-07-13,4365749
1001002676,CIN00103,IDFC First Bank,Current,2022-07-13,2385372
1001002677,CIN00103,IDFC First Bank,Current,2022-07-13,4875580
1001002678,CIN00104,Yes Bank,Current,2023-11-18,8775346
1001002679,CIN00105,ICICI Bank,Current,2016-06-22,9242332
1001002680,CIN00105,IDFC First Bank,Current,2016-06-22,24446043
1001002681,CIN00105,Yes Bank,Current,2016-06-22,29340528
1001002682,CIN00106,Yes Bank,Current,2018-11-08,8337923
1001002683,CIN00107,Yes Bank,Current,2026-01-31,2690752
1001002684,CIN00108,HDFC Bank,Current,2023-08-15,17281434
1001002685,CIN00108,Yes Bank,Current,2023-08-15,10600391
1001002686,CIN00109,IDFC First Bank,Current,2018-04-22,3641490
1001002687,CIN00109,IDFC First Bank,Current,2018-04-22,1307507
1001002688,CIN00109,Yes Bank,Current,2018-04-22,3504646
1001002689,CIN00110,IDFC First Bank,Current,2021-02-03,55989699
1001002690,CIN00110,ICICI Bank,Current,2021-02-03,88591804
1001002691,CIN00110,HDFC Bank,Current,2021-02-03,59506936
1001002692,CIN00111,HDFC Bank,Current,2024-06-11,52652177
1001002693,CIN00111,ICICI Bank,Current,2024-06-11,21091475
1001002694,CIN00111,IDFC First Bank,Current,2024-06-11,46777337
1001002695,CIN00112,HDFC Bank,Current,2017-03-14,2337130
1001002696,CIN00112,Yes Bank,Current,2017-03-14,6611459
1001002697,CIN00112,HDFC Bank,Current,2017-03-14,14577236
1001002698,CIN00113,IDFC First Bank,Current,2024-09-03,67002640
1001002699,CIN00113,ICICI Bank,Current,2024-09-03,55006788
1001002700,CIN00114,Yes Bank,Current,2021-09-09,14983730
1001002701,CIN00114,IDFC First Bank,Current,2021-09-09,31330046
1001002702,CIN00114,ICICI Bank,Current,2021-09-09,28249643
1001002703,CIN00115,ICICI Bank,Current,2021-11-20,7930979
1001002704,CIN00115,IDFC First Bank,Current,2021-11-20,10314287
1001002705,CIN00115,IDFC First Bank,Current,2021-11-20,14411817
1001002706,CIN00116,ICICI Bank,Current,2019-07-14,49844343
1001002707,CIN00116,HDFC Bank,Current,2019-07-14,63359904
1001002708,CIN00116,Yes Bank,Current,2019-07-14,42870912
1001002709,CIN00117,Yes Bank,Current,2017-08-31,3214384
1001002710,CIN00118,Yes Bank,Current,2021-12-17,4895006
1001002711,CIN00118,HDFC Bank,Current,2021-12-17,12778749
1001002712,CIN00119,Yes Bank,Current,2025-04-28,35142257
1001002713,CIN00119,IDFC First Bank,Current,2025-04-28,34788753
1001002714,CIN00119,ICICI Bank,Current,2025-04-28,54647234
1001002715,CIN00120,Yes Bank,Current,2024-03-12,15635987
1001002716,CIN00120,IDFC First Bank,Current,2024-03-12,49621728
1001002717,CIN00120,HDFC Bank,Current,2024-03-12,19370936
1001002718,CIN00121,HDFC Bank,Current,2017-11-04,1288561
1001002719,CIN00121,Yes Bank,Current,2017-11-04,2391216
1001002720,CIN00122,Yes Bank,Current,2018-10-21,9367378
1001002721,CIN00122,IDFC First Bank,Current,2018-10-21,40930580
1001002722,CIN00123,HDFC Bank,Current,2022-02-24,22804939
1001002723,CIN00123,IDFC First Bank,Current,2022-02-24,20302554
1001002724,CIN00124,HDFC Bank,Current,2023-12-11,17842485
1001002725,CIN00124,IDFC First Bank,Current,2023-12-11,5274028
1001002726,CIN00124,ICICI Bank,Current,2023-12-11,53856386
1001002727,CIN00125,IDFC First Bank,Current,2018-12-14,65108944
1001002728,CIN00125,Yes Bank,Current,2018-12-14,10662190
1001002729,CIN00126,Yes Bank,Current,2026-01-31,850070
1001002730,CIN00126,ICICI Bank,Current,2026-01-31,2074428
1001002731,CIN00126,IDFC First Bank,Current,2026-01-31,2568521
1001002732,CIN00127,HDFC Bank,Current,2017-01-16,33547624
1001002733,CIN00127,IDFC First Bank,Current,2017-01-16,17304989
1001002734,CIN00127,ICICI Bank,Current,2017-01-16,57656268
1001002735,CIN00128,HDFC Bank,Current,2017-01-30,9252078
1001002736,CIN00128,ICICI Bank,Current,2017-01-30,14578379
1001002737,CIN00128,Yes Bank,Current,2017-01-30,10179561
1001002738,CIN00129,HDFC Bank,Current,2022-08-14,13096171
1001002739,CIN00129,Yes Bank,Current,2022-08-14,17691653
1001002740,CIN00129,HDFC Bank,Current,2022-08-14,12198169
1001002741,CIN00130,ICICI Bank,Current,2022-09-05,28236437
1001002742,CIN00130,Yes Bank,Current,2022-09-05,37713719
1001002743,CIN00131,HDFC Bank,Current,2016-02-21,5731259
1001002744,CIN00131,HDFC Bank,Current,2016-02-21,8111796
1001002745,CIN00131,Yes Bank,Current,2016-02-21,2522546
1001002746,CIN00132,HDFC Bank,Current,2023-05-31,34994757
1001002747,CIN00132,ICICI Bank,Current,2023-05-31,22551158
1001002748,CIN00132,HDFC Bank,Current,2023-05-31,40931972
1001002749,CIN00133,IDFC First Bank,Current,2020-09-05,40944130
1001002750,CIN00133,ICICI Bank,Current,2020-09-05,57768804
1001002751,CIN00134,ICICI Bank,Current,2019-07-21,8235723
1001002752,CIN00134,ICICI Bank,Current,2019-07-21,10217226
1001002753,CIN00135,HDFC Bank,Current,2021-04-29,4678714
1001002754,CIN00135,Yes Bank,Current,2021-04-29,11575354
1001002755,CIN00135,ICICI Bank,Current,2021-04-29,17464157
1001002756,CIN00136,ICICI Bank,Current,2021-01-27,3547686
1001002757,CIN00136,ICICI Bank,Current,2021-01-27,7109500
1001002758,CIN00137,Yes Bank,Current,2019-02-19,28026917
1001002759,CIN00138,IDFC First Bank,Current,2016-07-09,14057473
1001002760,CIN00139,ICICI Bank,Current,2016-09-30,41447722
1001002761,CIN00139,IDFC First Bank,Current,2016-09-30,38143804
1001002762,CIN00139,IDFC First Bank,Current,2016-09-30,39691220
1001002763,CIN00140,HDFC Bank,Current,2018-02-16,782296
1001002764,CIN00140,Yes Bank,Current,2018-02-16,2047988
1001002765,CIN00140,Yes Bank,Current,2018-02-16,1272164
1001002766,CIN00141,ICICI Bank,Current,2023-03-13,9248916
1001002767,CIN00141,IDFC First Bank,Current,2023-03-13,6975820
1001002768,CIN00142,HDFC Bank,Current,2018-07-29,13626019
1001002769,CIN00142,IDFC First Bank,Current,2018-07-29,15274764
1001002770,CIN00142,HDFC Bank,Current,2018-07-29,13209973
1001002771,CIN00143,HDFC Bank,Current,2024-10-09,52473277
1001002772,CIN00144,ICICI Bank,Current,2026-01-31,187129
1001002773,CIN00144,Yes Bank,Current,2026-01-31,234087
1001002774,CIN00145,IDFC First Bank,Current,2022-07-24,41347941
1001002775,CIN00146,ICICI Bank,Current,2019-05-09,25153885
1001002776,CIN00146,HDFC Bank,Current,2019-05-09,15952271
1001002777,CIN00147,ICICI Bank,Current,2025-01-27,808873
1001002778,CIN00147,IDFC First Bank,Current,2025-01-27,956538
1001002779,CIN00148,Yes Bank,Current,2020-08-08,4443849
1001002780,CIN00148,HDFC Bank,Current,2020-08-08,1671912
1001002781,CIN00148,IDFC First Bank,Current,2020-08-08,6695724
1001002782,CIN00149,HDFC Bank,Current,2016-12-16,6788645
1001002783,CIN00149,Yes Bank,Current,2016-12-16,38210721
1001002784,CIN00149,HDFC Bank,Current,2016-12-16,14878227
1001002785,CIN00150,HDFC Bank,Current,2019-07-29,21656574
1001002786,CIN00150,IDFC First Bank,Current,2019-07-29,8185565
1001002787,CIN00150,ICICI Bank,Current,2019-07-29,40551429
1001002788,CIN00151,Yes Bank,Current,2019-07-22,11585392
1001002789,CIN00151,HDFC Bank,Current,2019-07-22,26842494
1001002790,CIN00152,ICICI Bank,Current,2019-12-12,75691339
1001002791,CIN00152,IDFC First Bank,Current,2019-12-12,57524285
1001002792,CIN00152,ICICI Bank,Current,2019-12-12,15236804
1001002793,CIN00153,IDFC First Bank,Current,2016-04-30,32404184
1001002794,CIN00153,HDFC Bank,Current,2016-04-30,85237731
1001002795,CIN00154,IDFC First Bank,Current,2024-11-20,37094999
1001002796,CIN00154,HDFC Bank,Current,2024-11-20,18356239
1001002797,CIN00155,HDFC Bank,Current,2017-10-21,22683311
1001002798,CIN00155,HDFC Bank,Current,2017-10-21,15403862
1001002799,CIN00156,ICICI Bank,Current,2021-05-25,69828908
1001002800,CIN00156,IDFC First Bank,Current,2021-05-25,20684166
1001002801,CIN00156,Yes Bank,Current,2021-05-25,33061923
1001002802,CIN00157,IDFC First Bank,Current,2025-08-30,50812856
1001002803,CIN00157,Yes Bank,Current,2025-08-30,72755977
1001002804,CIN00157,ICICI Bank,Current,2025-08-30,77412296
1001002805,CIN00158,HDFC Bank,Current,2025-03-17,33933403
1001002806,CIN00158,Yes Bank,Current,2025-03-17,48350672
1001002807,CIN00159,HDFC Bank,Current,2026-01-31,822663
1001002808,CIN00159,ICICI Bank,Current,2026-01-31,722160
1001002809,CIN00160,ICICI Bank,Current,2026-01-31,3106226
1001002810,CIN00160,ICICI Bank,Current,2026-01-31,336452
1001002811,CIN00160,IDFC First Bank,Current,2026-01-31,1649347
1001002812,CIN00161,ICICI Bank,Current,2018-04-06,14335947
1001002813,CIN00161,IDFC First Bank,Current,2018-04-06,33518343
1001002814,CIN00162,ICICI Bank,Current,2021-11-23,6797036
1001002815,CIN00162,ICICI Bank,Current,2021-11-23,35258215
1001002816,CIN00162,HDFC Bank,Current,2021-11-23,29166229
1001002817,CIN00163,ICICI Bank,Current,2019-06-16,7537156
1001002818,CIN00163,ICICI Bank,Current,2019-06-16,2609317
1001002819,CIN00164,ICICI Bank,Current,2016-10-20,43611090
1001002820,CIN00164,Yes Bank,Current,2016-10-20,31729075
1001002821,CIN00165,Yes Bank,Current,2017-09-06,3891884
1001002822,CIN00165,Yes Bank,Current,2017-09-06,14453741
1001002823,CIN00165,HDFC Bank,Current,2017-09-06,17061394
1001002824,CIN00166,Yes Bank,Current,2025-12-09,77151647
1001002825,CIN00166,HDFC Bank,Current,2025-12-09,29150334
1001002826,CIN00167,IDFC First Bank,Current,2023-05-15,11684184
1001002827,CIN00167,IDFC First Bank,Current,2023-05-15,13155321
1001002828,CIN00168,HDFC Bank,Current,2022-12-12,57867941
1001002829,CIN00168,IDFC First Bank,Current,2022-12-12,23778722
1001002830,CIN00169,HDFC Bank,Current,2026-01-31,817868
1001002831,CIN00169,IDFC First Bank,Current,2026-01-31,1610690
1001002832,CIN00169,HDFC Bank,Current,2026-01-31,539458
1001002833,CIN00170,ICICI Bank,Current,2021-03-22,36773189
1001002834,CIN00170,ICICI Bank,Current,2021-03-22,16366640
1001002835,CIN00171,HDFC Bank,Current,2020-02-12,39789647
1001002836,CIN00171,ICICI Bank,Current,2020-02-12,83737809
1001002837,CIN00172,IDFC First Bank,Current,2021-08-10,21094655
1001002838,CIN00172,IDFC First Bank,Current,2021-08-10,8928314
1001002839,CIN00172,HDFC Bank,Current,2021-08-10,11113963
1001002840,CIN00173,Yes Bank,Current,2019-01-24,60454880
1001002841,CIN00173,HDFC Bank,Current,2019-01-24,11159341
1001002842,CIN00173,IDFC First Bank,Current,2019-01-24,88522980
1001002843,CIN00174,ICICI Bank,Current,2021-04-16,13112739
1001002844,CIN00174,HDFC Bank,Current,2021-04-16,7182794
1001002845,CIN00174,IDFC First Bank,Current,2021-04-16,3528513
1001002846,CIN00175,IDFC First Bank,Current,2024-07-16,34972896
1001002847,CIN00175,Yes Bank,Current,2024-07-16,14430288
1001002848,CIN00175,Yes Bank,Current,2024-07-16,15960661
1001002849,CIN00176,ICICI Bank,Current,2020-12-21,16301112
1001002850,CIN00176,IDFC First Bank,Current,2020-12-21,8921713
1001002851,CIN00176,IDFC First Bank,Current,2020-12-21,14453839
1001002852,CIN00177,ICICI Bank,Current,2018-05-30,54118161
1001002853,CIN00177,Yes Bank,Current,2018-05-30,37289190
1001002854,CIN00178,ICICI Bank,Current,2019-01-22,37614817
1001002855,CIN00178,IDFC First Bank,Current,2019-01-22,42498329
1001002856,CIN00179,Yes Bank,Current,2018-05-04,69044288
1001002857,CIN00180,ICICI Bank,Current,2026-01-31,1602180
1001002858,CIN00180,Yes Bank,Current,2026-01-31,1521693
1001002859,CIN00180,HDFC Bank,Current,2026-01-31,1079723
1001002860,CIN00181,IDFC First Bank,Current,2025-06-13,6345612
1001002861,CIN00181,Yes Bank,Current,2025-06-13,6565071
1001002862,CIN00182,Yes Bank,Current,2019-03-02,35493911
1001002863,CIN00183,ICICI Bank,Current,2016-11-28,26062625
1001002864,CIN00183,Yes Bank,Current,2016-11-28,14443957
1001002865,CIN00184,Yes Bank,Current,2021-06-10,11470467
1001002866,CIN00184,HDFC Bank,Current,2021-06-10,21367313
1001002867,CIN00185,HDFC Bank,Current,2016-03-08,10515490
1001002868,CIN00185,Yes Bank,Current,2016-03-08,16455764
1001002869,CIN00185,HDFC Bank,Current,2016-03-08,5145387
1001002870,CIN00186,HDFC Bank,Current,2024-07-13,6452615
1001002871,CIN00186,Yes Bank,Current,2024-07-13,7400174
1001002872,CIN00186,HDFC Bank,Current,2024-07-13,5917850
1001002873,CIN00187,HDFC Bank,Current,2019-12-03,3830343
1001002874,CIN00188,Yes Bank,Current,2024-03-13,3342479
1001002875,CIN00188,IDFC First Bank,Current,2024-03-13,3693798
1001002876,CIN00188,HDFC Bank,Current,2024-03-13,4538831
1001002877,CIN00189,IDFC First Bank,Current,2023-03-25,20117120
1001002878,CIN00189,ICICI Bank,Current,2023-03-25,51652321
1001002879,CIN00190,ICICI Bank,Current,2020-01-24,4360940
1001002880,CIN00190,IDFC First Bank,Current,2020-01-24,5816221
1001002881,CIN00190,IDFC First Bank,Current,2020-01-24,2517220
1001002882,CIN00191,ICICI Bank,Current,2017-04-15,46036648
1001002883,CIN00192,IDFC First Bank,Current,2018-06-03,56891192
1001002884,CIN00192,HDFC Bank,Current,2018-06-03,87721535
1001002885,CIN00193,HDFC Bank,Current,2022-07-09,27420947
1001002886,CIN00194,Yes Bank,Current,2024-08-21,853456
1001002887,CIN00194,IDFC First Bank,Current,2024-08-21,1319725
1001002888,CIN00195,ICICI Bank,Current,2021-06-25,33786212
1001002889,CIN00196,Yes Bank,Current,2017-09-22,36242702
1001002890,CIN00196,ICICI Bank,Current,2017-09-22,9865964
1001002891,CIN00197,HDFC Bank,Current,2019-10-27,27716986
1001002892,CIN00198,ICICI Bank,Current,2020-11-04,1522081
1001002893,CIN00198,Yes Bank,Current,2020-11-04,12080650
1001002894,CIN00198,IDFC First Bank,Current,2020-11-04,6589658
1001002895,CIN00199,Yes Bank,Current,2017-09-15,7485947
1001002896,CIN00199,ICICI Bank,Current,2017-09-15,5746639
1001002897,CIN00200,HDFC Bank,Current,2023-02-16,63817074
1001002898,CIN00200,ICICI Bank,Current,2023-02-16,56481988
1001002899,CIN00200,ICICI Bank,Current,2023-02-16,31694837
